k_number,decision_date,date_received,product_code,applicant,device_name,decision_description,clearance_type,advisory_committee_description,country_code,state,expedited_review_flag,third_party_flag,statement_or_summary,pdf_url
K261325,2026-05-21,2026-04-22,OHT,"Shenzhen Ulike Smart Electronics Co., Ltd.","Ice Cooling IPL Hair Removal Device (UI06S PR, UI06S PN, UI06S WH, UI06S PRU, UI06S PNU, UI06S WHU)",Substantially Equivalent,Special,"General, Plastic Surgery",CN,,,N,Summary,https://www.accessdata.fda.gov/scripts/cdrh/cfdocs/cfpmn/pmn.cfm?ID=K261325
K260594,2026-05-20,2026-02-23,OHT,"Shenzhen Xiazhifeng Electronic Co., Ltd.","IPL Hair Removal Device (FL-B505AG, FL-B505AP, FL-B505AM, FL-B507AG, FL-B507AP, FL-B507AM, FL-B508AG, FL-B508AP, FL-B508AM, FL-B509AG, FL-B509AP, FL-B509AM, FL-B510G, FL-B510P, FL-B510M, FL-B511G, FL-B511P, FL-B511M, FL-B512AG, FL-B512AP, FL-B512AM, FL-B513AG, FL-B513AP, FL-B513AM)",Substantially Equivalent,Traditional,"General, Plastic Surgery",CN,,,N,Summary,https://www.accessdata.fda.gov/scripts/cdrh/cfdocs/cfpmn/pmn.cfm?ID=K260594
K260742,2026-05-05,2026-03-06,OHT,"Shenzhen Ulike Smart Electronics Co., Ltd.","Ice Cooling IPL Hair Removal Device (UI20S DB, UI20S RE, UI20S PW, UI20S GP, UI20S GR, UI20S BK)",Substantially Equivalent,Traditional,"General, Plastic Surgery",CN,,,N,Summary,https://www.accessdata.fda.gov/scripts/cdrh/cfdocs/cfpmn/pmn.cfm?ID=K260742
K260518,2026-04-21,2026-02-17,OHT,"Shenzhen Semlamp Intelligent Technology Co., Ltd.","IPL Hair Removal (SL-B301, SL-B300, SL-B330, SL-B330-1, SL-B287-1, SL-B371, SL-B371-2, SL-B371-1, SL-B352, SL-B352-1, SL-B352-2, SL-B330-F)",Substantially Equivalent,Traditional,"General, Plastic Surgery",CN,,,N,Summary,https://www.accessdata.fda.gov/scripts/cdrh/cfdocs/cfpmn/pmn.cfm?ID=K260518
K254047,2026-03-11,2025-12-17,OHT,"Shenzhen Chuangtong Yigou Technology Co., Ltd.","Hair Removal Device (CT10, CT10 Pro, CT11, CT11 Pro, CT12, CT12 Pro, CTU05, CTU07, CTU09, CTU012, CTU015, CTU X, DT015 Pro, DT015, DT017 Pro, DT017, DT025 Pro, DT025)",Substantially Equivalent,Traditional,"General, Plastic Surgery",CN,,,N,Summary,https://www.accessdata.fda.gov/scripts/cdrh/cfdocs/cfpmn/pmn.cfm?ID=K254047
K253666,2026-02-23,2025-11-21,OHT,"Shenzhen Mlay Intelligent Technology Co., Ltd.","IPL Hair Removal Device (Models: T31A, T32A)",Substantially Equivalent,Traditional,"General, Plastic Surgery",CN,,,N,Summary,https://www.accessdata.fda.gov/scripts/cdrh/cfdocs/cfpmn/pmn.cfm?ID=K253666
K253881,2025-12-29,2025-12-04,OHT,"Shenzhen Fansizhe Science and Technology Co., Ltd.","Intense Pulsed Light (IPL) System (Models: T033KQ, T033KD, T033KF, T033MQ, T033MD, T033MF, T055KQ, T055KD, T055KH, T505KQ, T505KH, T505KF, SL-B505WM)",Substantially Equivalent,Special,"General, Plastic Surgery",CN,,,N,Summary,https://www.accessdata.fda.gov/scripts/cdrh/cfdocs/cfpmn/pmn.cfm?ID=K253881
K253754,2025-12-23,2025-11-25,OHT,Philips Consumer Lifestyle B.V.,Philips Lumea IPL,Substantially Equivalent,Special,"General, Plastic Surgery",NL,,,N,Summary,https://www.accessdata.fda.gov/scripts/cdrh/cfdocs/cfpmn/pmn.cfm?ID=K253754
K253304,2025-11-25,2025-09-29,OHT,"Dongguan Lide Electric Appliance Co., Ltd.","IPL Hair Removal Device (KA-10, KA-11, KA-11C, KA-11D, KA-18, KA-20, KA-21, KA-21C)",Substantially Equivalent,Traditional,"General, Plastic Surgery",CN,,,N,Summary,https://www.accessdata.fda.gov/scripts/cdrh/cfdocs/cfpmn/pmn.cfm?ID=K253304
K253035,2025-11-19,2025-09-22,OHT,"Gu'An Yeolight Smart Electronics Co., Ltd.","IPL Hair Removal Device (SYL001AZ, SYL002AZ)",Substantially Equivalent,Traditional,"General, Plastic Surgery",CN,,,N,Summary,https://www.accessdata.fda.gov/scripts/cdrh/cfdocs/cfpmn/pmn.cfm?ID=K253035
K252618,2025-11-14,2025-08-19,OHT,"Alovea Healthcare Co. , Ltd.","IPL Hair Removal Device (I6 S1, I6 D1, I6 M1)",Substantially Equivalent,Traditional,"General, Plastic Surgery",CN,,,N,Summary,https://www.accessdata.fda.gov/scripts/cdrh/cfdocs/cfpmn/pmn.cfm?ID=K252618
K252234,2025-10-14,2025-07-17,OHT,"Shenzhen Qiaochengli Technology Co., Ltd.","IPL Home Use Hair Removal Device (Models: FDA11, FDA12, FDA13, FDA14, FDA15, FDA16, FDA17, FDA18, FDA19, FDA20, FDA21S, FDA22S, FDA23S, FDA24S, FDA25, FDA26, FDA27, FDA28, FDA29S, FDA30S, FDA31S)",Substantially Equivalent,Traditional,"General, Plastic Surgery",CN,,,N,Summary,https://www.accessdata.fda.gov/scripts/cdrh/cfdocs/cfpmn/pmn.cfm?ID=K252234
K252209,2025-10-10,2025-07-15,OHT,"Foshan Jindi Electric Appliance Co., Ltd.","IPL Home Use Hair Removal Device (JD-TM016, JD-TM023, JD-TM027, JD-TM028, JD-TM032)",Substantially Equivalent,Traditional,"General, Plastic Surgery",CN,,,N,Summary,https://www.accessdata.fda.gov/scripts/cdrh/cfdocs/cfpmn/pmn.cfm?ID=K252209
K251398,2025-10-02,2025-05-06,OHT,"Shenzhen Enmind Technology Co., Ltd.","IPL Hair Removal Device (IPL-001, IPL-002)",Substantially Equivalent,Traditional,"General, Plastic Surgery",CN,,,N,Summary,https://www.accessdata.fda.gov/scripts/cdrh/cfdocs/cfpmn/pmn.cfm?ID=K251398
K252804,2025-10-01,2025-09-03,OHT,"Shenzhen Ulike Smart Electronics Co., Ltd.","Ice Cooling IPL Hair Removal Device (UI20S BK, UI20S BS, UI20S DB, UI20S GP, UI20S GR, UI20S MP, UI20S PW, UI20S RE, UI20S WH, UI20WG;UI20 BK, UI20 BL, UI20 BR, UI20 BS, UI20 DB, UI20 GP, UI20 GR, UI20 MP, UI20 PN, UI20 PW, UI20 RE, UI20 WH; UI06 PN, UI06 PL, UI06 JL, UI06 BR, UI06 DB,UI06 PR, UI06 OG,UI06RD,UI06 WH, UI06 MG, UI06 OB, UI06 LY, UI06 IG; UI06S PR, UI06S PN, UI06S WH, UI06S PRU, UI06S PNU, UI06S WHU; UI04 MK, UI04 BN, UI04 BU, UI04 CB, UI04 GY, UI04 LG, UI04 DG, UI04 PL,",Substantially Equivalent,Special,"General, Plastic Surgery",CN,,,N,Statement,https://www.accessdata.fda.gov/scripts/cdrh/cfdocs/cfpmn/pmn.cfm?ID=K252804
K251914,2025-09-15,2025-06-23,OHT,"Miley Technology (Hebei) Co., Ltd.",IPL Hair Removal Device (MLY-M011); IPL Hair Removal Device (MLY-M012); IPL Hair Removal Device (MLY-M013); IPL Hair Removal Device (MLY-M015); IPL Hair Removal Device (MLY-T001); IPL Hair Removal Device (MLY-T002),Substantially Equivalent,Traditional,"General, Plastic Surgery",CN,,,N,Summary,https://www.accessdata.fda.gov/scripts/cdrh/cfdocs/cfpmn/pmn.cfm?ID=K251914
K251545,2025-09-04,2025-05-20,ONF,"Micowey Medical Equipment (Guangxi) Co., Ltd.",Intense Pulsed Light Therapy Device (MMABM-1),Substantially Equivalent,Traditional,"General, Plastic Surgery",CN,,,N,Summary,https://www.accessdata.fda.gov/scripts/cdrh/cfdocs/cfpmn/pmn.cfm?ID=K251545
K251176,2025-08-14,2025-04-16,OHT,"Shenzhen Mlay Intelligent Technology Co., , Ltd.","IPL Hair Removal Device (Model(s): T14B, T16B, T19B, T15B, T17C, T18B, T21A, T21B, T21C, T21D, T22A, T22B, T25B, T25C)",Substantially Equivalent,Traditional,"General, Plastic Surgery",CN,,,N,Summary,https://www.accessdata.fda.gov/scripts/cdrh/cfdocs/cfpmn/pmn.cfm?ID=K251176
K251707,2025-08-01,2025-06-03,OHT,"Shenzhen Huachuangtong Industrial Co., Ltd.",IPL Hair Removal Device (HCT-1208/HCT-1208B/HCT-1208L),Substantially Equivalent,Traditional,"General, Plastic Surgery",CN,,,N,Summary,https://www.accessdata.fda.gov/scripts/cdrh/cfdocs/cfpmn/pmn.cfm?ID=K251707
K251984,2025-07-24,2025-06-27,OHT,"Shenzhen Ulike Smart Electronics Co., Ltd.","Ice Cooling IPL Hair Removal Device (UI06S PR, UI06S PN, UI06S WH, UI06S PRU, UI06S PNU, UI06S WHU)",Substantially Equivalent,Special,"General, Plastic Surgery",CN,,,N,Summary,https://www.accessdata.fda.gov/scripts/cdrh/cfdocs/cfpmn/pmn.cfm?ID=K251984
K251173,2025-07-14,2025-04-16,OHT,"Shenzhen Fansizhe Science and Technology Co., Ltd.","Intense Pulsed Light (IPL) System (T033KQ, T033KD, T033KF, T033MQ, T033MD, T033MF, T055KQ, T055KD, T055KH, T002AQ, T002AD, T002AF, T002BQ, T002BD, T002BF, T050KQ, T050KD, T050KF)",Substantially Equivalent,Traditional,"General, Plastic Surgery",CN,,,N,Summary,https://www.accessdata.fda.gov/scripts/cdrh/cfdocs/cfpmn/pmn.cfm?ID=K251173
K250942,2025-07-11,2025-03-28,OHT,"Shenzhen Ulike Smart Electronics Co., Ltd.","Ice Cooling IPL Hair Removal Device (UI20S DB, UI20S RE, UI20S PW, UI20S GP, UI20S GR, UI20S BK, UI20 DB, UI20 RE, UI20 PW, UI20 GP, UI20 GR, UI20 BK)",Substantially Equivalent,Traditional,"General, Plastic Surgery",CN,,,N,Summary,https://www.accessdata.fda.gov/scripts/cdrh/cfdocs/cfpmn/pmn.cfm?ID=K250942
K243123,2025-07-03,2024-09-30,ONF,"Medusa (Guangxi)Medical Devices Co., Ltd.",IPL Treatment Device (MDSQMC-01),Substantially Equivalent,Traditional,"General, Plastic Surgery",CN,,,N,Summary,https://www.accessdata.fda.gov/scripts/cdrh/cfdocs/cfpmn/pmn.cfm?ID=K243123
K251000,2025-06-30,2025-04-01,OHT,"Shenzhen Chuangtong Yigou Technology Co., Ltd.","Hand-held Hair Removal Device (FZ-200A, FZ-201, FZ-202, CT05, CT06, CT07, CT08, CT09)",Substantially Equivalent,Traditional,"General, Plastic Surgery",CN,,,N,Summary,https://www.accessdata.fda.gov/scripts/cdrh/cfdocs/cfpmn/pmn.cfm?ID=K251000
K243036,2025-06-15,2024-09-27,OHT,"Bestway Plastic and Metal Products , Ltd.","IPL Hair Removal Device (BHRL-01, BHRL-02, BHRL-03, BHRL-04, BHRL-05, BHRL-06, BHRL-06B, BHRL-07, BHRL-08, BHRL-09, BHRL-10, BHRL-11, BHRL-12, BHRL-13, BHRL-14, BHRL-15, BHRL-16, BHRL-17, BHRL-18, BHRL-19, BHRL-20, BHRL-21, BHRL-22, BHRL-23, BHRL-24, BHRL-25, BHRL-26, BHRL-27, BHRL-28, BHRL-29)",Substantially Equivalent,Traditional,"General, Plastic Surgery",CN,,,N,Summary,https://www.accessdata.fda.gov/scripts/cdrh/cfdocs/cfpmn/pmn.cfm?ID=K243036
K250384,2025-05-23,2025-02-11,OHT,"El Global Trade, Ltd.",IPL400,Substantially Equivalent,Traditional,"General, Plastic Surgery",IL,,,N,Summary,https://www.accessdata.fda.gov/scripts/cdrh/cfdocs/cfpmn/pmn.cfm?ID=K250384
K250938,2025-05-23,2025-03-28,OHT,"Shenzhen Ulike Smart Electronics Co., Ltd.","Ice Cooling IPL Hair Removal Device (MI01 LP, MI01 CB, MI01 GR, MI01 PP, MI01 RM, MI01 WG, MI01 WH, MI01 BK;UI04S PP, UI04S BU, UI04S WH, UI04S PN)",Substantially Equivalent,Traditional,"General, Plastic Surgery",CN,,,N,Summary,https://www.accessdata.fda.gov/scripts/cdrh/cfdocs/cfpmn/pmn.cfm?ID=K250938
K250253,2025-05-06,2025-01-28,OHT,"Dongguan Boyuan Intelligent Technology Co.,Ltd",IPL Hair Removal Device (KCA511/KCA516/KCA522),Substantially Equivalent,Traditional,"General, Plastic Surgery",CN,,,N,Summary,https://www.accessdata.fda.gov/scripts/cdrh/cfdocs/cfpmn/pmn.cfm?ID=K250253
K243017,2025-05-06,2024-09-27,OHT,"Foshan Newface Electronic Technology Co., Ltd.","IPL Hair Removal Device (NV-TM10A, NV-TM10C, NV-TM10D)",Substantially Equivalent,Traditional,"General, Plastic Surgery",CN,,,N,Summary,https://www.accessdata.fda.gov/scripts/cdrh/cfdocs/cfpmn/pmn.cfm?ID=K243017
K250194,2025-03-26,2025-01-23,OHT,"Shenzhen Ulike Smart Electronics Co., Ltd.","Ice Cooling IPL Hair Removal Device (UI06S PR, UI06S PN, UI06S WH)",Substantially Equivalent,Traditional,"General, Plastic Surgery",CN,,,N,Summary,https://www.accessdata.fda.gov/scripts/cdrh/cfdocs/cfpmn/pmn.cfm?ID=K250194
K250131,2025-03-19,2025-01-17,OHT,"Mustech Electronics Co., Limited","IPL Hair Removal Device (M8011, M8012, M8013, M8015, M8021, M8022, M8023, M8025, M7011, M7012, M7021, M7023)",Substantially Equivalent,Traditional,"General, Plastic Surgery",CN,,,N,Summary,https://www.accessdata.fda.gov/scripts/cdrh/cfdocs/cfpmn/pmn.cfm?ID=K250131
K250171,2025-03-19,2025-01-21,OHT,"Shenzhen Yang WO Electronic Co., Ltd.","IPL Hair Removal Device (BE965A, BE965B, BE965C)",Substantially Equivalent,Traditional,"General, Plastic Surgery",CN,,,N,Summary,https://www.accessdata.fda.gov/scripts/cdrh/cfdocs/cfpmn/pmn.cfm?ID=K250171
K243453,2025-02-10,2024-11-07,OHT,Philips Consumer Lifestyle B.V.,Philips Lumea IPL,Substantially Equivalent,Traditional,"General, Plastic Surgery",NL,,,N,Statement,https://www.accessdata.fda.gov/scripts/cdrh/cfdocs/cfpmn/pmn.cfm?ID=K243453
K243085,2024-12-21,2024-09-30,OHT,"Zhuzhou Goldenhot Medical Technology Co., Ltd.","IPL Hair Removal Device (DE03A-W, DE03A-P, DE03A-V, DE03A-G, DE03B-W, DE03B-P, DE03B-V, DE03B-G)",Substantially Equivalent,Traditional,"General, Plastic Surgery",CN,,,N,Summary,https://www.accessdata.fda.gov/scripts/cdrh/cfdocs/cfpmn/pmn.cfm?ID=K243085
K241998,2024-12-13,2024-07-09,OHT,"Shenzhen Ulike Smart Electronics Co., Ltd.","Ice Cooling IPL Hair Removal Device (UI20 DB, UI20 RE, UI20 GP, UI20 PW, UI20S DB, UI20S RE, UI20S PW, UI20S GP,UI20 WH, UI20 GR, UI20 BS, UI20 MP, UI20 BL, UI20 PN, UI20 BR, UI20WG, UI20S WH, UI20S GR, UI20S BS, UI20S MP)",Substantially Equivalent,Traditional,"General, Plastic Surgery",CN,,,N,Summary,https://www.accessdata.fda.gov/scripts/cdrh/cfdocs/cfpmn/pmn.cfm?ID=K241998
K242710,2024-12-06,2024-09-09,OHT,"Shenzhen Jianchao Intelligent Technology Co., Ltd.","Hair Removal Device (R3C16-P, R3C16-W, R3C16-G, R3C16-P Pro, R3C16-W Pro, R3C16-G Pro, R3505-W, R3505-B, R3505-W Pro, R3505-B Pro)",Substantially Equivalent,Traditional,"General, Plastic Surgery",CN,,,N,Summary,https://www.accessdata.fda.gov/scripts/cdrh/cfdocs/cfpmn/pmn.cfm?ID=K242710
K243362,2024-11-27,2024-10-29,OHT,Cyden Limited,SmoothSkin Pure Switch (SSC1),Substantially Equivalent,Special,"General, Plastic Surgery",GB,,,N,Summary,https://www.accessdata.fda.gov/scripts/cdrh/cfdocs/cfpmn/pmn.cfm?ID=K243362
K242440,2024-11-14,2024-08-16,ONF,"Nanjing Bestview Laser S&T Co., Ltd.",Intense Pulsed Light Treatment System (LK-PT),Substantially Equivalent,Traditional,"General, Plastic Surgery",CN,,,N,Summary,https://www.accessdata.fda.gov/scripts/cdrh/cfdocs/cfpmn/pmn.cfm?ID=K242440
K242595,2024-11-07,2024-08-30,OHT,"Shenzhen Greatro Electronic Technology Co., Ltd.","Intense Pulse Light Therapeutic Apparatus (IPL-18 BF, IPL-18 FG)",Substantially Equivalent,Traditional,"General, Plastic Surgery",CN,,,N,Summary,https://www.accessdata.fda.gov/scripts/cdrh/cfdocs/cfpmn/pmn.cfm?ID=K242595
K242039,2024-11-06,2024-07-12,OHT,"Shenzhen Ulike Smart Electronics Co., Ltd.","Ice Cooling IPL Hair Removal Device (UIM20 GR, UIM20 BK, UIM20 SL, UIM20 CB, UIM20 WR)",Substantially Equivalent,Traditional,"General, Plastic Surgery",CN,,,N,Summary,https://www.accessdata.fda.gov/scripts/cdrh/cfdocs/cfpmn/pmn.cfm?ID=K242039
K243030,2024-10-25,2024-09-27,OHT,"Ulike Co., Ltd.","Diamond Air+ (UI04A, UI04B, UI04C, UI04M, UI04G, UI04W)",Substantially Equivalent,Special,"General, Plastic Surgery",KR,,,N,Summary,https://www.accessdata.fda.gov/scripts/cdrh/cfdocs/cfpmn/pmn.cfm?ID=K243030
K242197,2024-10-17,2024-07-26,OHT,"Shenzhen Huaruibo Electric Appliances Co., Ltd.","IPL Hair Removal Device (DH4, DH5, DH5 Plus, DH5 Max)",Substantially Equivalent,Traditional,"General, Plastic Surgery",CN,,,N,Summary,https://www.accessdata.fda.gov/scripts/cdrh/cfdocs/cfpmn/pmn.cfm?ID=K242197
K241834,2024-09-23,2024-06-25,OHT,"Shenzhen Yang WO Electronic Co., Ltd.","IPL Hair Removal Device (BE932C, BE932D, BE932E)",Substantially Equivalent,Traditional,"General, Plastic Surgery",CN,,,N,Summary,https://www.accessdata.fda.gov/scripts/cdrh/cfdocs/cfpmn/pmn.cfm?ID=K241834
K241205,2024-09-09,2024-04-30,OHT,"Shenzhen Ulike Smart Electronics Co., Ltd.","Ice Cooling IPL Hair Removal Device (Y6S GR, Y6S GA,Y6S GT, Y6S JU, Y6S JM, Y6S MU, Y6S OG, Y6S CH,Y6S PN,Y6S NK, Y6S PG, Y6S TG, Y6S OE)",Substantially Equivalent,Traditional,"General, Plastic Surgery",CN,,,N,Summary,https://www.accessdata.fda.gov/scripts/cdrh/cfdocs/cfpmn/pmn.cfm?ID=K241205
K241881,2024-08-29,2024-06-28,OHT,"Shenzhen Junmei Technology Co., Ltd.","IPL Hair Removal Device (JM-843, JM-865, JM-638)",Substantially Equivalent,Traditional,"General, Plastic Surgery",CN,,,N,Summary,https://www.accessdata.fda.gov/scripts/cdrh/cfdocs/cfpmn/pmn.cfm?ID=K241881
K240016,2024-07-10,2024-01-02,OHT,"Shenzhen Jianrong Biomedical Electronics Co., Ltd.","IPL Hair Removal Device (YT01,YT02,YT03,YT04)",Substantially Equivalent,Traditional,"General, Plastic Surgery",CN,,,N,Summary,https://www.accessdata.fda.gov/scripts/cdrh/cfdocs/cfpmn/pmn.cfm?ID=K240016
K241343,2024-07-09,2024-05-13,OHT,"Shenzhen Lescolton Electrical Appliance Co., Ltd.","IPL Hair Removal Device (LS-T121, LS-T121A, LS-T121B, LS-T121C, LS-T130, LS-T130A, LST130B, LS-T133, LS-T135, LS-T136, LS-T137, LS-T134, LS-T138, LS-T139, LS-T140)",Substantially Equivalent,Traditional,"General, Plastic Surgery",CN,,,N,Summary,https://www.accessdata.fda.gov/scripts/cdrh/cfdocs/cfpmn/pmn.cfm?ID=K241343
K241120,2024-06-24,2024-04-23,OHT,"Qiaocheng LI (Dongguan) Medical Instruments Co., Ltd.","Intense pulsed light therapy apparatus (FDA01, FDA02, FDA03, FDA04S, FDA05S, FDA06, FDA06S, FDA07, FDA07S, FDA08, FDA09S, FDA10S)",Substantially Equivalent,Traditional,"General, Plastic Surgery",CN,,,N,Summary,https://www.accessdata.fda.gov/scripts/cdrh/cfdocs/cfpmn/pmn.cfm?ID=K241120
K240649,2024-06-21,2024-03-07,OHT,"Shenzhen Ulike Smart Electronics Co., Ltd.","Ice Cooling IPL Hair Removal Device (UI07 BR, UI07 DB, UI07 BL, UI07 GP, UI07 PN, UI07 RE, UI07 WH, UI07 PW, UI20 BR, UI20 DB, UI20 BL, UI20GP, UI20 PN, UI20 RE, UI20 WH, UI20 PW)",Substantially Equivalent,Traditional,"General, Plastic Surgery",CN,,,N,Statement,https://www.accessdata.fda.gov/scripts/cdrh/cfdocs/cfpmn/pmn.cfm?ID=K240649
K240583,2024-06-18,2024-03-01,OHT,"Shenzhen Beauty Every Moment Intelligent Electric Co., Ltd.","IPL Home Use Hair Removal Device (D-1199, D-T099, D-T018, D-T019, D-T003B, D-T003W, D-T018Y, D-T019Y, D-1196B, D-1196W, D-1196C, D-1196C1, D-T099K, D-T099KW, D-T012, D-T012W)",Substantially Equivalent,Traditional,"General, Plastic Surgery",CN,,,N,Summary,https://www.accessdata.fda.gov/scripts/cdrh/cfdocs/cfpmn/pmn.cfm?ID=K240583
K240969,2024-05-31,2024-04-09,OHT,"Shenzhen Semlamp Intelligent Technology Co., Ltd.","IPL Hair Removal (SL-B287, SL-B329, SL-B301-1, SL-B328)",Substantially Equivalent,Traditional,"General, Plastic Surgery",CN,,,N,Summary,https://www.accessdata.fda.gov/scripts/cdrh/cfdocs/cfpmn/pmn.cfm?ID=K240969
K241106,2024-05-22,2024-04-22,OHT,"Shenzhen Mlay Intelligent Technology Co., , Ltd.","Ice Cooling IPL Home Use Hair Removal Device (Model(s): T10B, T10C, T15A, T17A, T18A, T14A, T16A, T19A)",Substantially Equivalent,Special,"General, Plastic Surgery",CN,,,N,Summary,https://www.accessdata.fda.gov/scripts/cdrh/cfdocs/cfpmn/pmn.cfm?ID=K241106
K240482,2024-05-17,2024-02-20,ONF,"Smedtrum Medical Technology Co., Ltd.",Intense Pulsed Light System (ST-690),Substantially Equivalent,Traditional,"General, Plastic Surgery",TW,,,N,Summary,https://www.accessdata.fda.gov/scripts/cdrh/cfdocs/cfpmn/pmn.cfm?ID=K240482
K240093,2024-04-24,2024-01-12,OHT,"Shenzhen Shuge Medical Beauty Devices Co., Ltd.",IPL Home Use Hair Removal Device (SJ15),Substantially Equivalent,Traditional,"General, Plastic Surgery",CN,,,N,Summary,https://www.accessdata.fda.gov/scripts/cdrh/cfdocs/cfpmn/pmn.cfm?ID=K240093
K240652,2024-04-04,2024-03-07,OHT,"Shenzhen Ulike Smart Electronics Co., Ltd.","Ice Cooling IPL Hair Removal Device (UI06 PN, UI06 PL, UI06 JL, UI06 BR, UI06 DB, UI06 PR, UI06 OG,UI06 RD,UI06 WH, UI06 MG, UI06 OB, UI06 LY, UI06 IG, UIM20 GR, UIM20 BK, UIM20 SL, UIM20 CB, UIM20 WR)",Substantially Equivalent,Special,"General, Plastic Surgery",CN,,,N,Statement,https://www.accessdata.fda.gov/scripts/cdrh/cfdocs/cfpmn/pmn.cfm?ID=K240652
K240282,2024-04-03,2024-02-01,OHT,"Dongguan Boyuan Intelligent Technology Co.,Ltd","IPL Hair Removal Device (model: KCA450, KCA446, KCA504, KCA505, KCA506, KCA507, KCA508, KCA509, KCA501, KCA423, KCA448, KCA449, KCA502, KCA521)",Substantially Equivalent,Traditional,"General, Plastic Surgery",CN,,,N,Statement,https://www.accessdata.fda.gov/scripts/cdrh/cfdocs/cfpmn/pmn.cfm?ID=K240282
K240587,2024-03-29,2024-03-01,OHT,Cyden Limited,SmoothSkin Pure Unplugged (SSB3),Substantially Equivalent,Special,"General, Plastic Surgery",GB,,,N,Summary,https://www.accessdata.fda.gov/scripts/cdrh/cfdocs/cfpmn/pmn.cfm?ID=K240587
K233307,2024-03-15,2023-09-29,ONF,"Beijing Adss Development Co., Ltd.",Intensity Pulsed Light Therapy System,Substantially Equivalent,Traditional,"General, Plastic Surgery",CN,,,N,Statement,https://www.accessdata.fda.gov/scripts/cdrh/cfdocs/cfpmn/pmn.cfm?ID=K233307
K240264,2024-03-08,2024-01-31,OHT,"Shenzhen Mlay Intelligent Technology Co., , Ltd.","Home Use Hair Removal Device (Model(s):T10A, T10B, T10C, T10D, T11A, T15A, T17A, T18A, T14A, T16A, T19A)",Substantially Equivalent,Traditional,"General, Plastic Surgery",CN,,,N,Summary,https://www.accessdata.fda.gov/scripts/cdrh/cfdocs/cfpmn/pmn.cfm?ID=K240264
K233887,2024-01-22,2023-12-08,OHT,"Shenzhen Ulike Smart Electronics Co., Ltd.","IPL Hair Removal Device (UI06PN, UI06 PL, UI06 JL, UI06 BR, UI06 DB, UI06 PR, UI06 OG, UI06 RD, UI08 BR, UI08 DB, UI08 BL, UI08 GP, UI08 PN, UI08 RE, UI08 WH, UI08 PW, UI07 BR, UI07 DB, UI07 BL, UI07 GP, UI07 PN, UI07 RE, UI07 WH, UI07 PW, UI20 BR, UI20 DB, UI20 BL, UI20 GP, UI20 PN, UI20 RE, UI20 WH, UI20 PW)",Substantially Equivalent,Special,"General, Plastic Surgery",CN,,,N,Statement,https://www.accessdata.fda.gov/scripts/cdrh/cfdocs/cfpmn/pmn.cfm?ID=K233887
K233664,2024-01-11,2023-11-15,OHT,"Shenzhen Ulike Smart Electronics Co., Ltd.","IPL Hair Removal Device (UI06 PN, UI06 PL, UI06 JL, UI06 BR, UI06 DB, UI06 PR, UI06 OG, UI06 RD,UI06 WH, UI06 MG, UI06 OB, UI06 LY,UI06 IG,)",Substantially Equivalent,Traditional,"General, Plastic Surgery",CN,,,N,Statement,https://www.accessdata.fda.gov/scripts/cdrh/cfdocs/cfpmn/pmn.cfm?ID=K233664
K233679,2024-01-05,2023-11-16,OHT,"Shenzhen Ulike Smart Electronics Co., Ltd.","IPL Hair Removal Device (UI04 MK,UI04 BN,UI04 BU,UI04 CB,UI04 GY,UI04 LG,UI04 DG,UI04 PL,UI04 PN,UI04 SD,UI04 SG,UI04 MG)",Substantially Equivalent,Traditional,"General, Plastic Surgery",CN,,,N,Statement,https://www.accessdata.fda.gov/scripts/cdrh/cfdocs/cfpmn/pmn.cfm?ID=K233679
K233782,2023-12-20,2023-11-27,OHT,Cyden Limited,SmoothSkin Pure Adapt (SSG3),Substantially Equivalent,Special,"General, Plastic Surgery",GB,,,N,Summary,https://www.accessdata.fda.gov/scripts/cdrh/cfdocs/cfpmn/pmn.cfm?ID=K233782
K232939,2023-12-15,2023-09-20,OHT,"Shenzhen Borria Technology Co., Ltd.",IPL Hair Removal Device,Substantially Equivalent,Traditional,"General, Plastic Surgery",CN,,,N,Summary,https://www.accessdata.fda.gov/scripts/cdrh/cfdocs/cfpmn/pmn.cfm?ID=K232939
K232846,2023-12-07,2023-09-14,OHT,"Shenzhen Meik Beauty Industry Co., Ltd.",Light Based Hair Removal Device,Substantially Equivalent,Traditional,"General, Plastic Surgery",CN,,,N,Summary,https://www.accessdata.fda.gov/scripts/cdrh/cfdocs/cfpmn/pmn.cfm?ID=K232846
K232932,2023-12-04,2023-09-20,OHT,"Shenzhen Greatro Electronic Technology Co., Ltd.",Intense Pulse Light Therapeutic Apparatus,Substantially Equivalent,Traditional,"General, Plastic Surgery",CN,,,N,Summary,https://www.accessdata.fda.gov/scripts/cdrh/cfdocs/cfpmn/pmn.cfm?ID=K232932
K232708,2023-12-01,2023-09-05,ONF,"Hebei Zhemai Technology Co., Ltd.",Intense pulsed light therapy device,Substantially Equivalent,Traditional,"General, Plastic Surgery",CN,,,N,Summary,https://www.accessdata.fda.gov/scripts/cdrh/cfdocs/cfpmn/pmn.cfm?ID=K232708
K232575,2023-11-20,2023-08-25,OHT,"Shenzhen Jianchao Intelligent Technology Co., Ltd.","Hair Removal Device, Model(s): R2815-G Pro, R2815-G",Substantially Equivalent,Traditional,"General, Plastic Surgery",CN,,,N,Summary,https://www.accessdata.fda.gov/scripts/cdrh/cfdocs/cfpmn/pmn.cfm?ID=K232575
K232845,2023-11-14,2023-09-14,OHT,"Shenzhen Siken 3D Technology Development Co., Ltd.",IPL Cooling Hair Removal Device,Substantially Equivalent,Traditional,"General, Plastic Surgery",CN,,,N,Summary,https://www.accessdata.fda.gov/scripts/cdrh/cfdocs/cfpmn/pmn.cfm?ID=K232845
K232499,2023-10-11,2023-08-17,OHT,"Shenzhen Lescolton Electrical Appliance Co., Ltd.","IPL Hair Removal Device (LS-T106, LS-T107, LS-T108)",Substantially Equivalent,Traditional,"General, Plastic Surgery",CN,,,N,Summary,https://www.accessdata.fda.gov/scripts/cdrh/cfdocs/cfpmn/pmn.cfm?ID=K232499
K232056,2023-10-06,2023-07-11,OHT,"Dongguan Lide Electric Appliance Co., Ltd.","IPL Hair Removal Device, Model(s): PB1, PB2, PB3, PB4, TM002",Substantially Equivalent,Traditional,"General, Plastic Surgery",CN,,,N,Summary,https://www.accessdata.fda.gov/scripts/cdrh/cfdocs/cfpmn/pmn.cfm?ID=K232056
K232274,2023-09-28,2023-07-31,OHT,Lumenessa Corp,IPL hair removal device,Substantially Equivalent,Traditional,"General, Plastic Surgery",US,CA,,N,Summary,https://www.accessdata.fda.gov/scripts/cdrh/cfdocs/cfpmn/pmn.cfm?ID=K232274
K231977,2023-09-25,2023-07-03,OHT,"Foreo, Inc.","PEACH 2, PEACH 2 Duo, PEACH 2 go",Substantially Equivalent,Traditional,"General, Plastic Surgery",US,NV,,N,Statement,https://www.accessdata.fda.gov/scripts/cdrh/cfdocs/cfpmn/pmn.cfm?ID=K231977
K232183,2023-09-22,2023-07-24,OHT,"Shenzhen Koli Technology Co.,Ltd","IPL Hair Removal Device, Model(s): T1, T2, T3, T7, T10",Substantially Equivalent,Traditional,"General, Plastic Surgery",CN,,,N,Summary,https://www.accessdata.fda.gov/scripts/cdrh/cfdocs/cfpmn/pmn.cfm?ID=K232183
K232124,2023-09-14,2023-07-17,OHT,"Shenzhen Wochuan Electronic Co., Ltd.","IPL Hair Removal, Model: W-1095, W-1098",Substantially Equivalent,Traditional,"General, Plastic Surgery",CN,,,N,Summary,https://www.accessdata.fda.gov/scripts/cdrh/cfdocs/cfpmn/pmn.cfm?ID=K232124
K230362,2023-09-11,2023-02-10,OHT,"Shenzhen Leaflife Technology Co., Ltd.",Planar LED mate,Substantially Equivalent,Traditional,"General, Plastic Surgery",CN,,,N,Summary,https://www.accessdata.fda.gov/scripts/cdrh/cfdocs/cfpmn/pmn.cfm?ID=K230362
K231800,2023-09-07,2023-06-20,OHT,"Shenzhen Qianyu Technology Co., Ltd.","IPL Hair Removal Device, Model(s): JP1, JR3, JR8, JR9",Substantially Equivalent,Traditional,"General, Plastic Surgery",CN,,,N,Summary,https://www.accessdata.fda.gov/scripts/cdrh/cfdocs/cfpmn/pmn.cfm?ID=K231800
K231717,2023-09-06,2023-06-13,OHT,"Foshan Jindi Electric Appliance Co., Ltd.","IPL Home Use Hair Removal Device, Model(s): JD-TM002, JD-TM003, JD-TM012, JD-TM016, JD-TM022",Substantially Equivalent,Traditional,"General, Plastic Surgery",CN,,,N,Summary,https://www.accessdata.fda.gov/scripts/cdrh/cfdocs/cfpmn/pmn.cfm?ID=K231717
K231394,2023-08-09,2023-05-15,ONF,"Smedtrum Medical Technology Co., Ltd.",Intense Pulsed Light System,Substantially Equivalent,Traditional,"General, Plastic Surgery",TW,,,N,Summary,https://www.accessdata.fda.gov/scripts/cdrh/cfdocs/cfpmn/pmn.cfm?ID=K231394
K231613,2023-07-31,2023-06-02,OHT,"Zhuzhou Goldenhot Medical Technology Co., Ltd.","Intense pulsed light device, Model(s): DE01A-B, DE01A-G, DE01B-B, DE01B-G, DE01C-B, DE01C-G, DE02A-B, DE02A-G, DE02B-B, DE02B-G, DE02C-B, DE02C-G.",Substantially Equivalent,Traditional,"General, Plastic Surgery",CN,,,N,Summary,https://www.accessdata.fda.gov/scripts/cdrh/cfdocs/cfpmn/pmn.cfm?ID=K231613
K230025,2023-07-03,2023-01-04,OHT,"Ivylaser (Beijing) Technology Co.,Ltd",IVYLASER Handhold Hair Removal Machine,Substantially Equivalent,Traditional,"General, Plastic Surgery",CN,,,N,Summary,https://www.accessdata.fda.gov/scripts/cdrh/cfdocs/cfpmn/pmn.cfm?ID=K230025
K231215,2023-06-26,2023-04-28,OHT,"Zhongshan Qizhe Technology Co., Ltd.","IPL Hair Removal Device Model: Skin Expert Pro IPL 008, Skin Expert Pro IPL 008S",Substantially Equivalent,Traditional,"General, Plastic Surgery",CN,,,N,Summary,https://www.accessdata.fda.gov/scripts/cdrh/cfdocs/cfpmn/pmn.cfm?ID=K231215
K230473,2023-06-15,2023-02-22,OHT,"Miley Technology (Hebei) Co., Ltd.",IPL Hair Removal Device Models: MLY-T069,Substantially Equivalent,Traditional,"General, Plastic Surgery",CN,,,N,Statement,https://www.accessdata.fda.gov/scripts/cdrh/cfdocs/cfpmn/pmn.cfm?ID=K230473
K230739,2023-05-26,2023-03-17,OHT,"Shenzhen Ionka Medical Technology Co., Ltd.","Hand-held IPL device (IPL Home Use Hair Removal Device), Model: FZ-608, FZ-608G, FZ-100, FZ-200",Substantially Equivalent,Traditional,"General, Plastic Surgery",CN,,,N,Summary,https://www.accessdata.fda.gov/scripts/cdrh/cfdocs/cfpmn/pmn.cfm?ID=K230739
K230911,2023-04-27,2023-03-31,OHT,Cyden Limited,Braun Skin i.expert,Substantially Equivalent,Special,"General, Plastic Surgery",GB,,,N,Statement,https://www.accessdata.fda.gov/scripts/cdrh/cfdocs/cfpmn/pmn.cfm?ID=K230911
K230549,2023-04-25,2023-02-28,OHT,"Shenzhen Xiazhifeng Electronic Co., Ltd.","IPL Hair Removal Device, Model(s): FY-B505AL, FY-B505AG, FY-B505BL, FY-B505BG, FY-B507AL, FY-B507AG, FY-B507BL, FY-B507BG, FY-B508AL, FY-B508AG, FY-B508BL, FY-B508BG, FY-B509AL, FY-B509AG, FY-B509BL, FY-B509BG",Substantially Equivalent,Traditional,"General, Plastic Surgery",CN,,,N,Summary,https://www.accessdata.fda.gov/scripts/cdrh/cfdocs/cfpmn/pmn.cfm?ID=K230549
K230816,2023-04-21,2023-03-24,ONF,"Shangdong Huamei Technology Co., Ltd.",Intense Pulsed Light Treatment System,Substantially Equivalent,Special,"General, Plastic Surgery",CN,,,N,Summary,https://www.accessdata.fda.gov/scripts/cdrh/cfdocs/cfpmn/pmn.cfm?ID=K230816
K230090,2023-04-19,2023-01-12,OHT,"Wuhan Lotuxs Technology Co., Ltd.",Diode Laser Hair Removal,Substantially Equivalent,Traditional,"General, Plastic Surgery",CN,,,N,Summary,https://www.accessdata.fda.gov/scripts/cdrh/cfdocs/cfpmn/pmn.cfm?ID=K230090
K230122,2023-04-10,2023-01-17,OHT,"Shenzhen Ulike Smart Electronics Co., Ltd.","IPL Hair Removal Device, Model(s): UI04 SD, UI04 DG",Substantially Equivalent,Traditional,"General, Plastic Surgery",CN,,,N,Summary,https://www.accessdata.fda.gov/scripts/cdrh/cfdocs/cfpmn/pmn.cfm?ID=K230122
K230360,2023-04-10,2023-02-10,OHT,"Shenzhen Jizhimei Technology Co., Ltd.","IPL Cooling Hair Removal Device, Model(s): NBB01, NBB02",Substantially Equivalent,Traditional,"General, Plastic Surgery",CN,,,N,Summary,https://www.accessdata.fda.gov/scripts/cdrh/cfdocs/cfpmn/pmn.cfm?ID=K230360
K230097,2023-04-06,2023-01-13,OHT,"Shenzhen Bsx Technology Electronics Co., Ltd.","IPL Hair Removal Device, Model(s): BSXT101, BSXT102, BSXT103, BSXT105, BSXT106, BSXT108",Substantially Equivalent,Traditional,"General, Plastic Surgery",CN,,,N,Summary,https://www.accessdata.fda.gov/scripts/cdrh/cfdocs/cfpmn/pmn.cfm?ID=K230097
K230107,2023-04-05,2023-01-13,OHT,"Kam Yuen Plastic Products , Ltd.","Aimanfun Lumea Comfort, Model: A-2788, A-2789 and A-3588",Substantially Equivalent,Traditional,"General, Plastic Surgery",CN,,,N,Summary,https://www.accessdata.fda.gov/scripts/cdrh/cfdocs/cfpmn/pmn.cfm?ID=K230107
K230021,2023-03-31,2023-01-04,OHT,"Shenzhen Yangyi Technology ., Ltd.","IPL Hair Removal Device, Model(s): AP10, AP20, AP30, AP32",Substantially Equivalent,Traditional,"General, Plastic Surgery",CN,,,N,Summary,https://www.accessdata.fda.gov/scripts/cdrh/cfdocs/cfpmn/pmn.cfm?ID=K230021
K223928,2023-03-28,2022-12-30,OHT,"Shenzhen Fansizhe Science and Technology Co., Ltd.","Intense Pulsed Light (IPL) System, model: T023K, T023A, T023B, T023C, T023D, T023E, T021K, T021A, T001A, T001B, T001M, T001N, T011C, T016K",Substantially Equivalent,Traditional,"General, Plastic Surgery",CN,,,N,Summary,https://www.accessdata.fda.gov/scripts/cdrh/cfdocs/cfpmn/pmn.cfm?ID=K223928
K230060,2023-03-03,2023-01-09,OHT,"Shenzhen Gsd Tech Co., Ltd.",Light Based Hair Removal Device GP592,Substantially Equivalent,Traditional,"General, Plastic Surgery",CN,,,N,Summary,https://www.accessdata.fda.gov/scripts/cdrh/cfdocs/cfpmn/pmn.cfm?ID=K230060
K223618,2023-02-28,2022-12-05,OHT,"Shenzhen Ulike Smart Electronics Co., Ltd.","IPL Hair Removal Device, Model(s): UI06 PN, UI06 PL, UI06 JL, UI06 BR, UI06 DB, UI06 PR, UI06 OG, UI06 RD",Substantially Equivalent,Traditional,"General, Plastic Surgery",CN,,,N,Summary,https://www.accessdata.fda.gov/scripts/cdrh/cfdocs/cfpmn/pmn.cfm?ID=K223618
K220214,2023-02-18,2022-01-26,ONF,"Shanghai Omni Laser Skinology Co., Ltd.",Painless IPL System - KDT750,Substantially Equivalent,Traditional,"General, Plastic Surgery",CN,,,N,Summary,https://www.accessdata.fda.gov/scripts/cdrh/cfdocs/cfpmn/pmn.cfm?ID=K220214
K223524,2023-02-16,2022-11-23,OHT,"Morlaser Shenzhen Co., Ltd.","IPL Hair Removal, Model(s): SB01, SB01A, SB01B, SB01C, SN02, SN03",Substantially Equivalent,Traditional,"General, Plastic Surgery",CN,,,N,Summary,https://www.accessdata.fda.gov/scripts/cdrh/cfdocs/cfpmn/pmn.cfm?ID=K223524
K222710,2022-12-01,2022-09-08,OHT,"Shenzhen Siken 3D Technology Development Co., Ltd.",IPL Cooling Hair Removal Device,Substantially Equivalent,Traditional,"General, Plastic Surgery",CN,,,N,Summary,https://www.accessdata.fda.gov/scripts/cdrh/cfdocs/cfpmn/pmn.cfm?ID=K222710
K222598,2022-11-17,2022-08-29,OHT,"Shenzhen Noble Smart Manufacturing Tech Co., Ltd.",IPL Hair Removal Device,Substantially Equivalent,Traditional,"General, Plastic Surgery",CN,,,N,Statement,https://www.accessdata.fda.gov/scripts/cdrh/cfdocs/cfpmn/pmn.cfm?ID=K222598
K221643,2022-10-21,2022-06-06,OHT,"Shenzhen Desida Technology Co., Ltd.","Hair Removal Device (Model: IPL-D26, IPL-D19)",Substantially Equivalent,Traditional,"General, Plastic Surgery",CN,,,N,Summary,https://www.accessdata.fda.gov/scripts/cdrh/cfdocs/cfpmn/pmn.cfm?ID=K221643
K222537,2022-10-14,2022-08-22,OHT,Shenzhen Ishine Technology Company Limited,"IPL Hair Removal Device, Model(s): skn001,skn005,skn006,skn002,RoseSkinCo Lumi",Substantially Equivalent,Traditional,"General, Plastic Surgery",CN,,,N,Summary,https://www.accessdata.fda.gov/scripts/cdrh/cfdocs/cfpmn/pmn.cfm?ID=K222537
K222432,2022-10-11,2022-08-12,OHT,"Hunan Guangye Biotechnology Co., Ltd.","IPL Hair Removal Device, Model(s): KCA423,  KCA437, KCA439",Substantially Equivalent,Traditional,"General, Plastic Surgery",CN,,,N,Summary,https://www.accessdata.fda.gov/scripts/cdrh/cfdocs/cfpmn/pmn.cfm?ID=K222432
K222316,2022-09-28,2022-08-02,OHT,"Shenzhen Goodwind Technology Development Co., Ltd.",IPL Hair Removal Device,Substantially Equivalent,Traditional,"General, Plastic Surgery",CN,,,N,Summary,https://www.accessdata.fda.gov/scripts/cdrh/cfdocs/cfpmn/pmn.cfm?ID=K222316
K221214,2022-09-21,2022-04-27,ONF,"Shenzhen Ionka Medical Technology Co., Ltd.","Hand-held IPL device (IPL Home Use Hair Removal Device) Model:FZ-608, FZ-608G, FZ-100, FZ-200",Substantially Equivalent,Traditional,"General, Plastic Surgery",CN,,,N,Summary,https://www.accessdata.fda.gov/scripts/cdrh/cfdocs/cfpmn/pmn.cfm?ID=K221214
K221553,2022-09-15,2022-05-31,OHT,"Ulike Co., Ltd.","Diamond Air+ (UI04A, UI04B, UI04C)",Substantially Equivalent,Special,"General, Plastic Surgery",KR,,,N,Summary,https://www.accessdata.fda.gov/scripts/cdrh/cfdocs/cfpmn/pmn.cfm?ID=K221553
K221635,2022-08-31,2022-06-06,OHT,"Shenzhen Desida Technology Co., Ltd.",IPL sapphire ice cooling hair remove device,Substantially Equivalent,Traditional,"General, Plastic Surgery",CN,,,N,Summary,https://www.accessdata.fda.gov/scripts/cdrh/cfdocs/cfpmn/pmn.cfm?ID=K221635
K221466,2022-08-12,2022-05-19,OHT,"Shenzhen Century Dongyuan Technology CO , Ltd.","IPL Hair Removal Device, model: AI01, AI06, AI08, AI16, AI17",Substantially Equivalent,Special,"General, Plastic Surgery",CN,,,N,Summary,https://www.accessdata.fda.gov/scripts/cdrh/cfdocs/cfpmn/pmn.cfm?ID=K221466
K220385,2022-08-12,2022-02-10,ONF,"Beijing Globalipl Development Co., Ltd.",Intense Pulsed Light Equipment,Substantially Equivalent,Traditional,"General, Plastic Surgery",CN,,,N,Summary,https://www.accessdata.fda.gov/scripts/cdrh/cfdocs/cfpmn/pmn.cfm?ID=K220385
K221451,2022-08-01,2022-05-18,OHT,"Shenzhen Lizbella Technology Co.,Ltd",IPL hair removal,Substantially Equivalent,Traditional,"General, Plastic Surgery",CN,,,N,Summary,https://www.accessdata.fda.gov/scripts/cdrh/cfdocs/cfpmn/pmn.cfm?ID=K221451
K221679,2022-07-07,2022-06-09,OHT,"Shenzhen Mywin Technology Co., Ltd.","IPL Hair Remover, Model: G993, G996, G998 and G885",Substantially Equivalent,Special,"General, Plastic Surgery",CN,,,N,Summary,https://www.accessdata.fda.gov/scripts/cdrh/cfdocs/cfpmn/pmn.cfm?ID=K221679
K221246,2022-07-07,2022-05-02,OHT,"Shenzhen Semlamp Intelligent Technology Co., Ltd.","IPL Hair Removal (Model: SL-B080, SL-B126, SL-B136)",Substantially Equivalent,Traditional,"General, Plastic Surgery",CN,,,N,Summary,https://www.accessdata.fda.gov/scripts/cdrh/cfdocs/cfpmn/pmn.cfm?ID=K221246
K220248,2022-07-01,2022-01-31,OHT,"Shenzhen Mareal Tech Co., Ltd.",Home use hair removal device,Substantially Equivalent,Traditional,"General, Plastic Surgery",CN,,,N,Summary,https://www.accessdata.fda.gov/scripts/cdrh/cfdocs/cfpmn/pmn.cfm?ID=K220248
K221569,2022-06-30,2022-05-31,OHT,"Shenzhen Fansizhe Science and Technology Co., Ltd.","Intense Pulsed Light (IPL) System, model: T013C, T015C, T015K",Substantially Equivalent,Special,"General, Plastic Surgery",CN,,,N,Summary,https://www.accessdata.fda.gov/scripts/cdrh/cfdocs/cfpmn/pmn.cfm?ID=K221569
K220927,2022-06-02,2022-03-31,OHT,"Shenzhen Qiaochengli Technology Co., Ltd.",IPL Hair Removal,Substantially Equivalent,Special,"General, Plastic Surgery",CN,,,N,Statement,https://www.accessdata.fda.gov/scripts/cdrh/cfdocs/cfpmn/pmn.cfm?ID=K220927
K221002,2022-06-01,2022-04-04,OHT,"Shenzhen Ulike Smart Electronics Co., Ltd.","IPL Hair Removal Device, Model(s): UI04A, UI04B, UI04C",Substantially Equivalent,Traditional,"General, Plastic Surgery",CN,,,N,Summary,https://www.accessdata.fda.gov/scripts/cdrh/cfdocs/cfpmn/pmn.cfm?ID=K221002
K220669,2022-05-16,2022-03-07,OHT,"Shenzhen Junbobeauty Technology Co., Ltd.","IPL HAIR REMOVAL HANDSET, Model: IPL-666",Substantially Equivalent,Traditional,"General, Plastic Surgery",CN,,,N,Summary,https://www.accessdata.fda.gov/scripts/cdrh/cfdocs/cfpmn/pmn.cfm?ID=K220669
K221001,2022-05-12,2022-04-04,OHT,"Shenzhen Beauty Every Moment Intelligent Electric Co., Ltd.",IPL Home Use Hair Removal Device,Substantially Equivalent,Traditional,"General, Plastic Surgery",CN,,,N,Summary,https://www.accessdata.fda.gov/scripts/cdrh/cfdocs/cfpmn/pmn.cfm?ID=K221001
K220645,2022-04-27,2022-03-04,OHT,"Shenzhen Qianyu Technology Co., Ltd.",Hand-held IPL device (JOVS Hair Removal Device),Substantially Equivalent,Traditional,"General, Plastic Surgery",CN,,,N,Summary,https://www.accessdata.fda.gov/scripts/cdrh/cfdocs/cfpmn/pmn.cfm?ID=K220645
K220222,2022-04-26,2022-01-26,OHT,"Shenzhen Yuwei Electronic Technology Co., Ltd.","IPL Hair Removal Device,  model(s): S1-A, S2-A, S1, S2, S3, S4",Substantially Equivalent,Traditional,"General, Plastic Surgery",CN,,,N,Summary,https://www.accessdata.fda.gov/scripts/cdrh/cfdocs/cfpmn/pmn.cfm?ID=K220222
K212881,2022-04-11,2021-09-10,OHT,"Shenzhen Fansizhe Science and Technology Co., Ltd.",Intense Pulsed Light (IPL) System,Substantially Equivalent,Traditional,"General, Plastic Surgery",CN,,,N,Statement,https://www.accessdata.fda.gov/scripts/cdrh/cfdocs/cfpmn/pmn.cfm?ID=K212881
K214113,2022-03-28,2021-12-30,OHT,"Shenzhen Qianyu Technology Co., Ltd.",Hand-held IPL device(JOVS Graphene Hair Removal Device),Substantially Equivalent,Traditional,"General, Plastic Surgery",CN,,,N,Summary,https://www.accessdata.fda.gov/scripts/cdrh/cfdocs/cfpmn/pmn.cfm?ID=K214113
K213558,2022-03-08,2021-11-08,ONF,"Ulike Co., Ltd.",IPL Hair Removal Device,Substantially Equivalent,Traditional,"General, Plastic Surgery",KR,,,N,Summary,https://www.accessdata.fda.gov/scripts/cdrh/cfdocs/cfpmn/pmn.cfm?ID=K213558
K213830,2022-02-01,2021-12-08,OHT,"Iluminage Beauty Co., Limited","Home use hair removal device, model: Precise Touch Pro",Substantially Equivalent,Traditional,"General, Plastic Surgery",HK,,,N,Summary,https://www.accessdata.fda.gov/scripts/cdrh/cfdocs/cfpmn/pmn.cfm?ID=K213830
K213692,2022-01-26,2021-11-23,OHT,Cyden Limited,SmoothSkin Pure Mini,Substantially Equivalent,Special,"General, Plastic Surgery",GB,,,N,Statement,https://www.accessdata.fda.gov/scripts/cdrh/cfdocs/cfpmn/pmn.cfm?ID=K213692
K212318,2022-01-14,2021-07-26,OHT,"Dongguan Define Beauty Electronic Technology Co., Ltd.",IPL Hair Removal,Substantially Equivalent,Traditional,"General, Plastic Surgery",CN,,,N,Summary,https://www.accessdata.fda.gov/scripts/cdrh/cfdocs/cfpmn/pmn.cfm?ID=K212318
K211185,2021-12-20,2021-04-20,OHT,"Shenzhen Beauty Every Moment Intelligent Electric Co., Ltd.",IPL Home Use Hair Removal Device,Substantially Equivalent,Traditional,"General, Plastic Surgery",CN,,,N,Summary,https://www.accessdata.fda.gov/scripts/cdrh/cfdocs/cfpmn/pmn.cfm?ID=K211185
K213020,2021-12-16,2021-09-20,OHT,"Shenzhen Borria Technology Co., Ltd.",IPL hair removal machine,Substantially Equivalent,Traditional,"General, Plastic Surgery",CN,,,N,Summary,https://www.accessdata.fda.gov/scripts/cdrh/cfdocs/cfpmn/pmn.cfm?ID=K213020
K212697,2021-11-19,2021-08-25,OHT,"Shenzhen Leaflife Technology Co., Ltd.",Leaf Smooth,Substantially Equivalent,Traditional,"General, Plastic Surgery",CN,,,N,Summary,https://www.accessdata.fda.gov/scripts/cdrh/cfdocs/cfpmn/pmn.cfm?ID=K212697
K213041,2021-11-18,2021-09-22,OHT,"Glan Electronics Co., Ltd.","IPL Hair Removal, Model: OBT-02",Substantially Equivalent,Traditional,"General, Plastic Surgery",CN,,,N,Summary,https://www.accessdata.fda.gov/scripts/cdrh/cfdocs/cfpmn/pmn.cfm?ID=K213041
K212897,2021-11-04,2021-09-10,OHT,"Shenzhen Century Dongyuan Technology CO , Ltd.","IPL Hair Removal Device, model: AI01",Substantially Equivalent,Traditional,"General, Plastic Surgery",CN,,,N,Summary,https://www.accessdata.fda.gov/scripts/cdrh/cfdocs/cfpmn/pmn.cfm?ID=K212897
K212314,2021-10-21,2021-07-23,OHT,"Zhongshan Bisen Plastic Electronic Products Co., Ltd.",IPL Hair Removal Device,Substantially Equivalent,Traditional,"General, Plastic Surgery",CN,,,N,Summary,https://www.accessdata.fda.gov/scripts/cdrh/cfdocs/cfpmn/pmn.cfm?ID=K212314
K210376,2021-10-07,2021-02-09,OHT,"Guangzhou Haoxingwan Technology Co., Ltd.",Superior Hair Remover,Substantially Equivalent,Traditional,"General, Plastic Surgery",CN,,,N,Summary,https://www.accessdata.fda.gov/scripts/cdrh/cfdocs/cfpmn/pmn.cfm?ID=K210376
K211368,2021-10-04,2021-05-04,ONF,"Shenzhen Mywin Technology Co., Ltd.","IPL Hair Remover, Model: G993, G996, G998 and G885",Substantially Equivalent,Traditional,"General, Plastic Surgery",CN,,,N,Summary,https://www.accessdata.fda.gov/scripts/cdrh/cfdocs/cfpmn/pmn.cfm?ID=K211368
K211922,2021-09-20,2021-06-21,OHT,"Shenzhen Beauty Every Moment Intelligent Electric Co., Ltd.",IPL Home Use Hair Removal Device,Substantially Equivalent,Traditional,"General, Plastic Surgery",CN,,,N,Summary,https://www.accessdata.fda.gov/scripts/cdrh/cfdocs/cfpmn/pmn.cfm?ID=K211922
K211174,2021-09-01,2021-04-20,OHT,"Shenzhen Qiaochengli Technology Co., Ltd.",IPL Hair Removal,Substantially Equivalent,Traditional,"General, Plastic Surgery",CN,,,N,Summary,https://www.accessdata.fda.gov/scripts/cdrh/cfdocs/cfpmn/pmn.cfm?ID=K211174
K211994,2021-07-28,2021-06-28,OHT,Cyden Limited,Braun Silk.expert Mini,Substantially Equivalent,Special,"General, Plastic Surgery",GB,,,N,Statement,https://www.accessdata.fda.gov/scripts/cdrh/cfdocs/cfpmn/pmn.cfm?ID=K211994
K210311,2021-07-23,2021-02-03,OHT,"Shenzhen Mismon Technology Co., Ltd.","Home Use IPL Beauty Device, Model(s): MS-208B, MS-212B, MS-216B, MS-218B, MELSYA-M6, MELSYA-M7.",Substantially Equivalent,Traditional,"General, Plastic Surgery",CN,,,N,Summary,https://www.accessdata.fda.gov/scripts/cdrh/cfdocs/cfpmn/pmn.cfm?ID=K210311
K210119,2021-05-21,2021-01-19,ONF,"Shenzhen Boyuan Intelligent Electronic Technology Co., Ltd.",IPL Hair Removal Device (Model: KCA423),Substantially Equivalent,Traditional,"General, Plastic Surgery",CN,,,N,Statement,https://www.accessdata.fda.gov/scripts/cdrh/cfdocs/cfpmn/pmn.cfm?ID=K210119
K203510,2021-02-26,2020-11-30,OHT,"Shenzhen Weikai Technology Co.,Ltd",IPL Hair removal,Substantially Equivalent,Traditional,"General, Plastic Surgery",CN,,,N,Summary,https://www.accessdata.fda.gov/scripts/cdrh/cfdocs/cfpmn/pmn.cfm?ID=K203510
K200746,2020-05-15,2020-03-23,ONF,"Shanghai Apolo Medical Technology Co., Ltd.",IPL Treatment Systems,Substantially Equivalent,Traditional,"General, Plastic Surgery",CN,,,N,Summary,https://www.accessdata.fda.gov/scripts/cdrh/cfdocs/cfpmn/pmn.cfm?ID=K200746
K193328,2020-03-25,2019-12-02,ONF,"Beijing Globalipl Development Co., Ltd.",IPL + Diode Laser Machine,Substantially Equivalent,Traditional,"General, Plastic Surgery",CN,,,N,Summary,https://www.accessdata.fda.gov/scripts/cdrh/cfdocs/cfpmn/pmn.cfm?ID=K193328
K193072,2020-03-05,2019-11-04,ONF,"Luvo Medical Technologies, Inc.",Lucent : IPL,Substantially Equivalent,Traditional,"General, Plastic Surgery",CA,,,N,Summary,https://www.accessdata.fda.gov/scripts/cdrh/cfdocs/cfpmn/pmn.cfm?ID=K193072
K200184,2020-02-21,2020-01-24,OHT,Cyden Limited,SmoothSkin Pure,Substantially Equivalent,Special,"General, Plastic Surgery",GB,,,N,Statement,https://www.accessdata.fda.gov/scripts/cdrh/cfdocs/cfpmn/pmn.cfm?ID=K200184
K193500,2020-01-16,2019-12-17,GEX,"Lumenis, Ltd.",Stellar M22 for Intense Pulsed Light (IPL) and Laser System,Substantially Equivalent,Special,"General, Plastic Surgery",IL,,,N,Summary,https://www.accessdata.fda.gov/scripts/cdrh/cfdocs/cfpmn/pmn.cfm?ID=K193500
K192521,2019-12-06,2019-09-13,ONF,"Shangdong Huamei Technology Co., Ltd.",Intense Pulsed Light Treatment System,Substantially Equivalent,Traditional,"General, Plastic Surgery",CN,,,N,Summary,https://www.accessdata.fda.gov/scripts/cdrh/cfdocs/cfpmn/pmn.cfm?ID=K192521
K192432,2019-11-08,2019-09-05,OHT,"Shenzhen Bosidin Technology Co., Ltd.","IPL Home Use Hair Removal Device Model(s): D-1128, D-1103, D-1119, D-1129, D-1130",Substantially Equivalent,Traditional,"General, Plastic Surgery",CN,,,N,Summary,https://www.accessdata.fda.gov/scripts/cdrh/cfdocs/cfpmn/pmn.cfm?ID=K192432
K190820,2019-10-02,2019-04-01,OHT,"Kam Yuen Plastic Products , Ltd.",Aimanfun Lumea Comfort,Substantially Equivalent,Traditional,"General, Plastic Surgery",CN,,,N,Summary,https://www.accessdata.fda.gov/scripts/cdrh/cfdocs/cfpmn/pmn.cfm?ID=K190820
K192010,2019-09-24,2019-07-29,OHT,Cyden Limited,SmoothSkin BARE+,Substantially Equivalent,Special,"General, Plastic Surgery",GB,,,N,Statement,https://www.accessdata.fda.gov/scripts/cdrh/cfdocs/cfpmn/pmn.cfm?ID=K192010
K190354,2019-03-18,2019-02-15,OHT,Cyden Limited,BRAUN Silk.expert Pro 5,Substantially Equivalent,Special,"General, Plastic Surgery",GB,,,N,Statement,https://www.accessdata.fda.gov/scripts/cdrh/cfdocs/cfpmn/pmn.cfm?ID=K190354
K190366,2019-03-18,2019-02-15,OHT,Cyden Limited,BRAUN Silk Expert Pro 3,Substantially Equivalent,Special,"General, Plastic Surgery",GB,,,N,Statement,https://www.accessdata.fda.gov/scripts/cdrh/cfdocs/cfpmn/pmn.cfm?ID=K190366
K183260,2019-03-18,2018-11-23,OHT,"El Global Trade, Ltd.",Sensilight Pro / Pistol IPL,Substantially Equivalent,Traditional,"General, Plastic Surgery",IL,,,N,Summary,https://www.accessdata.fda.gov/scripts/cdrh/cfdocs/cfpmn/pmn.cfm?ID=K183260
K183217,2019-02-15,2018-11-19,OHT,"Touchbeauty Beauty & Health (Shenzhen) Co., Ltd.",IPL Hair Removal Device,Substantially Equivalent,Traditional,"General, Plastic Surgery",CN,,,N,Summary,https://www.accessdata.fda.gov/scripts/cdrh/cfdocs/cfpmn/pmn.cfm?ID=K183217
K181734,2018-09-19,2018-07-02,OHT,"Home Well Trading, Ltd.",Beurer IPL 8500 device/ IPL VelvetSkin Pro,Substantially Equivalent,Traditional,"General, Plastic Surgery",VG,,,N,Summary,https://www.accessdata.fda.gov/scripts/cdrh/cfdocs/cfpmn/pmn.cfm?ID=K181734
K181568,2018-09-11,2018-06-14,OHT,"Medical Device Branch of Zhangzhou Easepal Industrial Co.,Lt",IPL Salon Hair Reduction System,Substantially Equivalent,Traditional,"General, Plastic Surgery",CN,,,N,Summary,https://www.accessdata.fda.gov/scripts/cdrh/cfdocs/cfpmn/pmn.cfm?ID=K181568
K173813,2018-09-07,2017-12-15,OHT,"Shen Zhen Cosbeauty Co., Ltd.",IPL Hair Removal Device Joy Version,Substantially Equivalent,Traditional,"General, Plastic Surgery",CN,,,N,Summary,https://www.accessdata.fda.gov/scripts/cdrh/cfdocs/cfpmn/pmn.cfm?ID=K173813
K181121,2018-06-28,2018-04-30,OHT,"Home Well Trading, Ltd.",Beurer IPL 5500 device/ IPL 5000/ IPL PureSkin Pro,Substantially Equivalent,Traditional,"General, Plastic Surgery",VG,,,N,Summary,https://www.accessdata.fda.gov/scripts/cdrh/cfdocs/cfpmn/pmn.cfm?ID=K181121
K180383,2018-05-11,2018-02-12,OHT,"Shenzhen Gsd Tech Co., Ltd.",Light based hair removal device,Substantially Equivalent,Traditional,"General, Plastic Surgery",CN,,,N,Summary,https://www.accessdata.fda.gov/scripts/cdrh/cfdocs/cfpmn/pmn.cfm?ID=K180383
K180016,2018-03-20,2018-01-02,OHT,"Shenzhen Mismon Technology Co., Ltd.",Home Use IPL Beauty Device,Substantially Equivalent,Traditional,"General, Plastic Surgery",CN,,,N,Summary,https://www.accessdata.fda.gov/scripts/cdrh/cfdocs/cfpmn/pmn.cfm?ID=K180016
K172883,2018-02-12,2017-09-21,OHT,"Shenzhen Mareal Tech Co., Ltd.","Home Use Hair Removal Device/T1, T2, T3",Substantially Equivalent,Traditional,"General, Plastic Surgery",CN,,,N,Summary,https://www.accessdata.fda.gov/scripts/cdrh/cfdocs/cfpmn/pmn.cfm?ID=K172883
K172791,2018-01-18,2017-09-15,OHT,Conair Corporation,Lumilisse IPL Hair Remover,Substantially Equivalent,Traditional,"General, Plastic Surgery",US,CT,,N,Summary,https://www.accessdata.fda.gov/scripts/cdrh/cfdocs/cfpmn/pmn.cfm?ID=K172791
K172181,2017-10-13,2017-07-19,OHT,"El Global Trade, Ltd.",micro IPL,Substantially Equivalent,Traditional,"General, Plastic Surgery",IL,,,N,Summary,https://www.accessdata.fda.gov/scripts/cdrh/cfdocs/cfpmn/pmn.cfm?ID=K172181
K171433,2017-08-11,2017-05-15,OHT,"Home Skinovations , Ltd.",Silk'n Infinity,Substantially Equivalent,Traditional,"General, Plastic Surgery",IL,,,N,Summary,https://www.accessdata.fda.gov/scripts/cdrh/cfdocs/cfpmn/pmn.cfm?ID=K171433
K170269,2017-05-03,2017-01-27,OHT,Oriental Inspiration Limited,Hee HR Mini,Substantially Equivalent,Traditional,"General, Plastic Surgery",CN,,,N,Summary,https://www.accessdata.fda.gov/scripts/cdrh/cfdocs/cfpmn/pmn.cfm?ID=K170269
K161428,2017-03-23,2016-05-23,OHT,"Shen Zhen Cosbeauty Co., Ltd.",PerfectSmooth,Substantially Equivalent,Traditional,"General, Plastic Surgery",CN,,,N,Summary,https://www.accessdata.fda.gov/scripts/cdrh/cfdocs/cfpmn/pmn.cfm?ID=K161428
K163552,2017-03-03,2016-12-19,OHT,Cyden Limited,iPulse SmoothSkin BARE Hair Removal Device,Substantially Equivalent,Special,"General, Plastic Surgery",GB,,,N,Statement,https://www.accessdata.fda.gov/scripts/cdrh/cfdocs/cfpmn/pmn.cfm?ID=K163552
K163173,2017-02-08,2016-11-14,OHT,"Liaoning Sidey Optoelectronics Technologies Co., Ltd.",Handheld Diode Laser for Hair Removal,Substantially Equivalent,Traditional,"General, Plastic Surgery",CN,,,N,Summary,https://www.accessdata.fda.gov/scripts/cdrh/cfdocs/cfpmn/pmn.cfm?ID=K163173
K162231,2016-11-16,2016-08-08,OHT,Cyden Limited,"iPulse SmoothSkin Gold Hair Removal Device, Venus Silk.expert",Substantially Equivalent,Special,"General, Plastic Surgery",GB,,,N,Statement,https://www.accessdata.fda.gov/scripts/cdrh/cfdocs/cfpmn/pmn.cfm?ID=K162231
K161286,2016-08-04,2016-05-09,ONF,"Beijing Adss Development Co., Ltd.",IPL Therapy Machine,Substantially Equivalent,Traditional,"General, Plastic Surgery",CN,,,N,Summary,https://www.accessdata.fda.gov/scripts/cdrh/cfdocs/cfpmn/pmn.cfm?ID=K161286
K161089,2016-07-08,2016-04-18,OHT,"El Global Trade, Ltd.",sensiLight Mini,Substantially Equivalent,Traditional,"General, Plastic Surgery",IL,,,N,Summary,https://www.accessdata.fda.gov/scripts/cdrh/cfdocs/cfpmn/pmn.cfm?ID=K161089
K160968,2016-04-14,2016-04-06,OHT,Cyden Limited,iPulse SmoothSkin Gold Hair Removal Device,Substantially Equivalent,Traditional,"General, Plastic Surgery",GB,,,N,Summary,https://www.accessdata.fda.gov/scripts/cdrh/cfdocs/cfpmn/pmn.cfm?ID=K160968
K142845,2015-07-01,2014-09-30,OHT,"Wuhan Lotuxs Technology Co., Ltd.",SILKPRO laser hair removal system,Substantially Equivalent,Traditional,"General, Plastic Surgery",CN,,,N,Summary,https://www.accessdata.fda.gov/scripts/cdrh/cfdocs/cfpmn/pmn.cfm?ID=K142845
K143003,2015-06-18,2014-10-20,OHT,Ipulse Limited,iPulse Smooth Skin Gold Hair Removal System,Substantially Equivalent,Traditional,"General, Plastic Surgery",GB,,,N,Summary,https://www.accessdata.fda.gov/scripts/cdrh/cfdocs/cfpmn/pmn.cfm?ID=K143003
K150282,2015-05-27,2015-02-05,ONF,"Shaser, Inc.",Shaser Skin Beauty Intense Pulsed Light System Family for Acne,Substantially Equivalent,Traditional,"General, Plastic Surgery",US,MA,,N,Summary,https://www.accessdata.fda.gov/scripts/cdrh/cfdocs/cfpmn/pmn.cfm?ID=K150282
K142924,2015-02-13,2014-10-08,GEX,"Shaser, Inc.","Shaser Skin Beauty SkinREJUV Intense, Pulsed Light System Family",Substantially Equivalent,Traditional,"General, Plastic Surgery",US,MA,,N,Summary,https://www.accessdata.fda.gov/scripts/cdrh/cfdocs/cfpmn/pmn.cfm?ID=K142924
K140668,2014-12-19,2014-03-18,ONF,Global Medical Technology S.L.,PLATINUMGMT IPL SYSTEM CLOUD,Substantially Equivalent,Traditional,"General, Plastic Surgery",ES,,,N,Summary,https://www.accessdata.fda.gov/scripts/cdrh/cfdocs/cfpmn/pmn.cfm?ID=K140668
K141242,2014-10-17,2014-05-14,OHT,"Home Skinovations , Ltd.",GLIDE DEVICE,Substantially Equivalent,Traditional,"General, Plastic Surgery",IL,,,N,Summary,https://www.accessdata.fda.gov/scripts/cdrh/cfdocs/cfpmn/pmn.cfm?ID=K141242
K132518,2014-08-17,2013-08-12,OHT,"Wellquest Intl., Inc.",NUBRILLIANCE PULSED LIGHT HAIR REMOVAL DEVICE,Substantially Equivalent,Traditional,"General, Plastic Surgery",US,TX,,N,Summary,https://www.accessdata.fda.gov/scripts/cdrh/cfdocs/cfpmn/pmn.cfm?ID=K132518
K140381,2014-08-08,2014-02-14,OHT,"El Global Trade, Ltd.",SENSILIGHT/ SENSILIGHT PLUS,Substantially Equivalent,Traditional,"General, Plastic Surgery",IL,,,N,Summary,https://www.accessdata.fda.gov/scripts/cdrh/cfdocs/cfpmn/pmn.cfm?ID=K140381
K140527,2014-07-31,2014-03-04,OHT,"El Global Trade, Ltd.",SENSILIGHT MINI,Substantially Equivalent,Traditional,"General, Plastic Surgery",IL,,,N,Summary,https://www.accessdata.fda.gov/scripts/cdrh/cfdocs/cfpmn/pmn.cfm?ID=K140527
K141583,2014-07-22,2014-06-13,ONF,"Shaser, Inc.",SHASER SKIN BEAUTY INTENSE PULSED LIGHT SYSTEM FAMILY,Substantially Equivalent,Special,"General, Plastic Surgery",US,MA,,N,Summary,https://www.accessdata.fda.gov/scripts/cdrh/cfdocs/cfpmn/pmn.cfm?ID=K141583
K131712,2014-05-30,2013-06-11,ONF,"Ybk Investment, Inc.",A-TONE IPL SYSTEM,Substantially Equivalent,Traditional,"General, Plastic Surgery",US,CA,,N,Summary,https://www.accessdata.fda.gov/scripts/cdrh/cfdocs/cfpmn/pmn.cfm?ID=K131712
K131870,2013-08-14,2013-06-24,OHT,"Home Skinovations , Ltd.",GLIDE DEVICE,Substantially Equivalent,Special,"General, Plastic Surgery",IL,,,N,Summary,https://www.accessdata.fda.gov/scripts/cdrh/cfdocs/cfpmn/pmn.cfm?ID=K131870
K130315,2013-07-12,2013-02-08,OHT,Cyden Limited,IPULSE HAIR REMOVAL SYSTEM,Substantially Equivalent,Traditional,"General, Plastic Surgery",GB,,,N,Summary,https://www.accessdata.fda.gov/scripts/cdrh/cfdocs/cfpmn/pmn.cfm?ID=K130315
K123860,2013-04-02,2012-12-14,ONF,"Inmode MD , Ltd.",INMODE SR IPL DEVICE,Substantially Equivalent,Traditional,"General, Plastic Surgery",IL,,,N,Summary,https://www.accessdata.fda.gov/scripts/cdrh/cfdocs/cfpmn/pmn.cfm?ID=K123860
K123435,2013-02-11,2012-11-07,ONF,"Beijing Sincoheren S&T Development Co, Ltd.",IPL THERAPY SYSTEM,Substantially Equivalent,Traditional,"General, Plastic Surgery",CN,,,N,Summary,https://www.accessdata.fda.gov/scripts/cdrh/cfdocs/cfpmn/pmn.cfm?ID=K123435
K122995,2013-01-22,2012-09-26,ONF,"Beijing Kes Biology Technology Co., Ltd.",INTENSE PULSED LIGHT (IPL) SYSTEMS,Substantially Equivalent,Traditional,"General, Plastic Surgery",CN,,,N,Summary,https://www.accessdata.fda.gov/scripts/cdrh/cfdocs/cfpmn/pmn.cfm?ID=K122995
K123168,2012-12-20,2012-10-09,GEX,Quanta System Spa,Q-PLUS T+ IPL LASER SYSTEM,Substantially Equivalent,Traditional,"General, Plastic Surgery",IT,,,N,Summary,https://www.accessdata.fda.gov/scripts/cdrh/cfdocs/cfpmn/pmn.cfm?ID=K123168
K122280,2012-10-23,2012-07-30,OHT,Cyden Limited,IPULSE SMOOTHSKIN HAIR REMOVAL SYSTEM,Substantially Equivalent,Traditional,"General, Plastic Surgery",US,DC,,N,Summary,https://www.accessdata.fda.gov/scripts/cdrh/cfdocs/cfpmn/pmn.cfm?ID=K122280
K121515,2012-06-05,2012-05-22,ONF,"Solta Medical, Inc.",ISOLAZ 2 INTENSE PULSED LIGHT SYSTEM,Substantially Equivalent,Special,"General, Plastic Surgery",US,CA,,N,Summary,https://www.accessdata.fda.gov/scripts/cdrh/cfdocs/cfpmn/pmn.cfm?ID=K121515
K111350,2011-09-29,2011-05-13,ONF,"Medicam, Inc.","MEDICAM EVOLUX, EVOSTAR, EVOLIGHT AND EVOLASE PULSED LIGHT SYSTEM",Substantially Equivalent,Traditional,"General, Plastic Surgery",CA,,,N,Summary,https://www.accessdata.fda.gov/scripts/cdrh/cfdocs/cfpmn/pmn.cfm?ID=K111350
K103560,2011-05-18,2010-12-03,ONF,"Shaser, Inc.",SHASER IPL HAIR REMOVAL SYSTEM,Substantially Equivalent,Traditional,"General, Plastic Surgery",US,MA,,N,Summary,https://www.accessdata.fda.gov/scripts/cdrh/cfdocs/cfpmn/pmn.cfm?ID=K103560
K110304,2011-04-08,2011-02-02,GEX,"Sandstone Medical Technologies, LLC",APEX ER. YAG / IPL SYSTEM,Substantially Equivalent,Traditional,"General, Plastic Surgery",US,AL,,N,Summary,https://www.accessdata.fda.gov/scripts/cdrh/cfdocs/cfpmn/pmn.cfm?ID=K110304
K101901,2011-03-08,2010-07-08,ONF,Beijing Starlight Science & Technology Development,IPL THERAPY SYSTEM,Substantially Equivalent,Traditional,"General, Plastic Surgery",CN,,,N,Summary,https://www.accessdata.fda.gov/scripts/cdrh/cfdocs/cfpmn/pmn.cfm?ID=K101901
K093627,2011-01-18,2009-11-23,ONF,"Shanghai Apolo Medical Technologies Co., Ltd.","IPULSELIGHT IPL SYSTEM, MODELS HS 300C AND HS 650",Substantially Equivalent,Traditional,"General, Plastic Surgery",US,CA,,N,Summary,https://www.accessdata.fda.gov/scripts/cdrh/cfdocs/cfpmn/pmn.cfm?ID=K093627
K102857,2011-01-14,2010-09-29,ONF,"Ahwon Medi Instrument Co., Ltd.",AHWON'S IPL SYSTEM,Substantially Equivalent,Traditional,"General, Plastic Surgery",US,NJ,,N,Summary,https://www.accessdata.fda.gov/scripts/cdrh/cfdocs/cfpmn/pmn.cfm?ID=K102857
K103184,2010-11-10,2010-10-29,OHT,"Home Skinovations , Ltd.",SILK'N FLASH N GO,Substantially Equivalent,Traditional,"General, Plastic Surgery",IL,,,N,Summary,https://www.accessdata.fda.gov/scripts/cdrh/cfdocs/cfpmn/pmn.cfm?ID=K103184
K091664,2009-11-16,2009-06-09,ONF,"Shenzhen Gsd Tech Co., Ltd.","GSD INTENSE PULSED LIGHT SYSTEM, MODELS: GP666C4, GP666C",Substantially Equivalent,Traditional,"General, Plastic Surgery",CN,,,N,Summary,https://www.accessdata.fda.gov/scripts/cdrh/cfdocs/cfpmn/pmn.cfm?ID=K091664
K082825,2009-02-06,2008-09-25,GEX,"Energist, Ltd.",ENERGIST ULTRAPLUS VARIABLE PULSED LIGHT (VPL) SYSTEM,Substantially Equivalent,Traditional,"General, Plastic Surgery",GB,,,N,Statement,https://www.accessdata.fda.gov/scripts/cdrh/cfdocs/cfpmn/pmn.cfm?ID=K082825
K083915,2009-01-29,2008-12-30,GEX,"Advanced Technology Laser Co., Ltd.","ANGELITE FAMILY OF INTENSE PULSED LIGHT SYSTEMS, MODELS ANGELITE-DDC AND ANGELITE-SDC",Substantially Equivalent,Traditional,"General, Plastic Surgery",CN,,,Y,Statement,https://www.accessdata.fda.gov/scripts/cdrh/cfdocs/cfpmn/pmn.cfm?ID=K083915
K082876,2008-11-10,2008-09-29,GEX,"Sharplight Technologies, Ltd.",BEAMAX/ FORMAX PULSED LIGHT DEVICE FAMILY,Substantially Equivalent,Traditional,"General, Plastic Surgery",IL,,,N,Summary,https://www.accessdata.fda.gov/scripts/cdrh/cfdocs/cfpmn/pmn.cfm?ID=K082876
K082033,2008-07-31,2008-07-17,GEX,"Global USA Distribution, LLC",NANNOLIGHT INTENSE PULSED LIGHT SYSTEM,Substantially Equivalent,Traditional,"General, Plastic Surgery",US,MN,,Y,Summary,https://www.accessdata.fda.gov/scripts/cdrh/cfdocs/cfpmn/pmn.cfm?ID=K082033
K081219,2008-06-30,2008-04-30,GEX,"Sandstone Medical Technologies, LLC",APOLLO MINI IPL SYSTEM,Substantially Equivalent,Traditional,"General, Plastic Surgery",US,AL,,N,Summary,https://www.accessdata.fda.gov/scripts/cdrh/cfdocs/cfpmn/pmn.cfm?ID=K081219
K073477,2008-05-09,2007-12-11,GEX,Photonova Ofsweden AB,PHOTONOVA FAMILY OF PULSED LIGHT SYSTEMS,Substantially Equivalent,Traditional,"General, Plastic Surgery",US,CA,,N,Summary,https://www.accessdata.fda.gov/scripts/cdrh/cfdocs/cfpmn/pmn.cfm?ID=K073477
K063427,2007-07-25,2006-11-13,GEX,Lynton Lasers Limited,LUMINA INTENSE PULSED LIGHT (& LASER) SYSTEM,Substantially Equivalent,Traditional,"General, Plastic Surgery",GB,,,N,Summary,https://www.accessdata.fda.gov/scripts/cdrh/cfdocs/cfpmn/pmn.cfm?ID=K063427
K063800,2007-02-05,2006-12-22,GEX,Candela Corp.,CANDELA FLUORESCENT PULSED LIGHT SYSTEM,Substantially Equivalent,Traditional,"General, Plastic Surgery",US,MA,,N,Summary,https://www.accessdata.fda.gov/scripts/cdrh/cfdocs/cfpmn/pmn.cfm?ID=K063800
K060839,2006-12-07,2006-03-28,OHT,"Palomar Medical Technologies, Inc.",ABC HAIR REMOVAL SYSTEM,Substantially Equivalent,Traditional,"General, Plastic Surgery",US,MA,,N,Summary,https://www.accessdata.fda.gov/scripts/cdrh/cfdocs/cfpmn/pmn.cfm?ID=K060839
K062721,2006-11-21,2006-09-12,GEX,"Greenton (London) , Ltd.",GREENTON ECOLITE IPL SYSTEM,Substantially Equivalent,Traditional,"General, Plastic Surgery",US,FL,,N,Summary,https://www.accessdata.fda.gov/scripts/cdrh/cfdocs/cfpmn/pmn.cfm?ID=K062721
K062312,2006-10-16,2006-08-08,GEX,General Project S.R.L.,AXIOM PULSED LIGHT SYSTEM,Substantially Equivalent,Traditional,"General, Plastic Surgery",US,CT,,N,Summary,https://www.accessdata.fda.gov/scripts/cdrh/cfdocs/cfpmn/pmn.cfm?ID=K062312
K051442,2006-05-24,2005-06-02,GEX,"Cynosure, Inc.",PHOTOSILK PLUS PULSED LIGHT SYSTEM AND LASER ATTACHMENT,Substantially Equivalent,Traditional,"General, Plastic Surgery",US,MA,,N,Summary,https://www.accessdata.fda.gov/scripts/cdrh/cfdocs/cfpmn/pmn.cfm?ID=K051442
K052336,2005-10-11,2005-08-26,GEX,"Amjet Distribution, LLC",SPECTRAQUATTRO PULSED LIGHT SYSTEM,Substantially Equivalent,Traditional,"General, Plastic Surgery",US,MN,,Y,Summary,https://www.accessdata.fda.gov/scripts/cdrh/cfdocs/cfpmn/pmn.cfm?ID=K052336
K051508,2005-10-05,2005-06-07,GEX,General Project S.R.L.,MED FLASH II INTENSE PULSED LIGHT SYSTEM.,Substantially Equivalent,Traditional,"General, Plastic Surgery",US,MA,,N,Summary,https://www.accessdata.fda.gov/scripts/cdrh/cfdocs/cfpmn/pmn.cfm?ID=K051508
K043032,2005-07-19,2004-11-03,GEX,"Europro, Inc.",DEALIGHT IPL,Substantially Equivalent,Traditional,"General, Plastic Surgery",US,CA,,N,Summary,https://www.accessdata.fda.gov/scripts/cdrh/cfdocs/cfpmn/pmn.cfm?ID=K043032
K041554,2005-04-27,2004-06-10,GEX,Aesthera Corporation,AIP INTENSE PULSED LIGHT SYSTEM,Substantially Equivalent,Traditional,"General, Plastic Surgery",US,CA,,N,Summary,https://www.accessdata.fda.gov/scripts/cdrh/cfdocs/cfpmn/pmn.cfm?ID=K041554
K050047,2005-03-31,2005-01-10,GEX,"Cutera, Inc.",CUTERA OPTIONAL PULSED LIGHT HAND PIECE FAMILY,Substantially Equivalent,Traditional,"General, Plastic Surgery",US,CA,,N,Summary,https://www.accessdata.fda.gov/scripts/cdrh/cfdocs/cfpmn/pmn.cfm?ID=K050047
K041086,2005-01-13,2004-04-26,GEX,"Palomar Medical Products, Inc.",PALOMAR STARLUX PULSED LIGHT SYSTEM,Substantially Equivalent,Traditional,"General, Plastic Surgery",US,NC,,N,Summary,https://www.accessdata.fda.gov/scripts/cdrh/cfdocs/cfpmn/pmn.cfm?ID=K041086
K043319,2004-12-17,2004-12-02,GEX,"Novalis Medical, LLC",CLAREON AND SOLARUS PULSED LIGHT DEVICES AND ACCESSORIES,Substantially Equivalent,Traditional,"General, Plastic Surgery",US,FL,,Y,Summary,https://www.accessdata.fda.gov/scripts/cdrh/cfdocs/cfpmn/pmn.cfm?ID=K043319
K041323,2004-11-17,2004-05-18,GEX,"New Star Lasers, Inc.","PULSED LIGHT THERAPY SYSTEM, MODEL PRIMA",Substantially Equivalent,Traditional,"General, Plastic Surgery",US,CA,,N,Summary,https://www.accessdata.fda.gov/scripts/cdrh/cfdocs/cfpmn/pmn.cfm?ID=K041323
K040659,2004-06-01,2004-03-12,GEX,Mccue Plc,MCCUE PLC ENERGIST ULTRA VARIABLE PULSED LIGHT SYSTEM,Substantially Equivalent,Traditional,"General, Plastic Surgery",GB,,,Y,Summary,https://www.accessdata.fda.gov/scripts/cdrh/cfdocs/cfpmn/pmn.cfm?ID=K040659
K041095,2004-05-26,2004-04-27,GEX,"Cynosure, Inc.",PHOTOSILK PULSED LIGHT SYSTEM,Substantially Equivalent,Special,"General, Plastic Surgery",US,MA,,N,Summary,https://www.accessdata.fda.gov/scripts/cdrh/cfdocs/cfpmn/pmn.cfm?ID=K041095
K033549,2004-03-10,2003-11-12,GEX,"Palomar Medical Products, Inc.",STARLUX PULSED LIGHT SYSTEM,Substantially Equivalent,Traditional,"General, Plastic Surgery",US,MA,,N,Summary,https://www.accessdata.fda.gov/scripts/cdrh/cfdocs/cfpmn/pmn.cfm?ID=K033549
K032191,2003-08-20,2003-07-17,GEX,Luxsano AB,OMNILIGHT FLUORESCENT PULSED LIGHT SYSTEM,Substantially Equivalent,Special,"General, Plastic Surgery",US,CA,,N,Summary,https://www.accessdata.fda.gov/scripts/cdrh/cfdocs/cfpmn/pmn.cfm?ID=K032191
K030342,2003-07-17,2003-02-03,GEX,"Lumenis, Ltd.",LUMENIS FAMILY OF IPL SYSTEMS AND COMBINATION IPL/ND:YAG SYSTEMS,Substantially Equivalent,Traditional,"General, Plastic Surgery",US,CA,,N,Summary,https://www.accessdata.fda.gov/scripts/cdrh/cfdocs/cfpmn/pmn.cfm?ID=K030342
K024259,2003-06-20,2002-12-23,GEX,"New Star Lasers, Inc.","PULSED LIGHT THERAPY SYSTEM, MODEL# UV-300",Substantially Equivalent,Traditional,"General, Plastic Surgery",US,CA,,N,Summary,https://www.accessdata.fda.gov/scripts/cdrh/cfdocs/cfpmn/pmn.cfm?ID=K024259
K024093,2003-06-19,2002-12-11,GEX,"Lumenis, Ltd.",MODIFIED LUMENIS FAMILY OF INTENSE PULSED-LIGHT (IPL) AND COMBINATION IPL SYSTEMS AND ND:YAG LASER SYSTEMS,Substantially Equivalent,Traditional,"General, Plastic Surgery",US,CA,,N,Summary,https://www.accessdata.fda.gov/scripts/cdrh/cfdocs/cfpmn/pmn.cfm?ID=K024093
K030527,2003-05-20,2003-02-19,GEX,Lumenis,LUMENIS FAMILY OF IPL AND COMBINATION IPL/ND:YAG SYSTEMS,Substantially Equivalent,Traditional,"General, Plastic Surgery",US,CA,,N,Summary,https://www.accessdata.fda.gov/scripts/cdrh/cfdocs/cfpmn/pmn.cfm?ID=K030527
K023081,2002-12-16,2002-09-17,GEX,Medical Bio Care Sweden AB,PROLITE / PLASMALITE MPX PULSED LIGHT SYSTEM (PERMANENT HAIR REDUCTION),Substantially Equivalent,Traditional,"General, Plastic Surgery",US,CA,,N,Summary,https://www.accessdata.fda.gov/scripts/cdrh/cfdocs/cfpmn/pmn.cfm?ID=K023081
K022378,2002-10-18,2002-07-22,GEX,Medical Bio Care Sweden AB,PLASMALITE PULSED LIGHT SYSTEM,Substantially Equivalent,Traditional,"General, Plastic Surgery",US,CA,,N,Summary,https://www.accessdata.fda.gov/scripts/cdrh/cfdocs/cfpmn/pmn.cfm?ID=K022378
K022569,2002-08-29,2002-08-02,GEX,Medical Bio Care Sweden AB,PROLITE/PLASMALITE MPX PULSED LIGHT SYSTEM FOR TREATMENT OF VASCULAR LESIONS,Substantially Equivalent,Special,"General, Plastic Surgery",US,CA,,N,Summary,https://www.accessdata.fda.gov/scripts/cdrh/cfdocs/cfpmn/pmn.cfm?ID=K022569
K022568,2002-08-29,2002-08-02,GEX,Medical Bio Care Sweden AB,PROLITE/PLASMALITE MPX PULSED LIGHT SYSTEM FOR TREATMENT OF UNWANTED HAIR,Substantially Equivalent,Special,"General, Plastic Surgery",US,CA,,N,Summary,https://www.accessdata.fda.gov/scripts/cdrh/cfdocs/cfpmn/pmn.cfm?ID=K022568
K021304,2002-07-23,2002-04-24,GEX,"Big Sky Laser Technologies, Inc.",PROLITE PULSED LIGHT SYSTEM,Substantially Equivalent,Traditional,"General, Plastic Surgery",US,MT,,N,Summary,https://www.accessdata.fda.gov/scripts/cdrh/cfdocs/cfpmn/pmn.cfm?ID=K021304
K020453,2002-05-10,2002-02-11,GEX,"Palomar Medical Technologies, Inc.",PALOMAR ESTELUX PULSED LIGHT SYSTEM AND PALOMAR COOLROLLER,Substantially Equivalent,Traditional,"General, Plastic Surgery",US,NC,,N,Summary,https://www.accessdata.fda.gov/scripts/cdrh/cfdocs/cfpmn/pmn.cfm?ID=K020453
K013366,2002-01-08,2001-10-10,GEX,Medical Bio Care Sweden AB,PROLITE PULSED LIGHT SYSTEM FOR THE REMOVAL OF UNWANTED HAIR,Substantially Equivalent,Traditional,"General, Plastic Surgery",US,CA,,N,Summary,https://www.accessdata.fda.gov/scripts/cdrh/cfdocs/cfpmn/pmn.cfm?ID=K013366
K013365,2002-01-08,2001-10-10,GEX,Medical Bio Care Sweden AB,PROLITE PULSED LIGHT SYSTEM FOR THE TREATMENT OF PIGMENTED LESIONS AND THE REMOVAL OF TATTOOS,Substantially Equivalent,Traditional,"General, Plastic Surgery",US,CA,,N,Summary,https://www.accessdata.fda.gov/scripts/cdrh/cfdocs/cfpmn/pmn.cfm?ID=K013365
K010618,2001-09-10,2001-03-01,GEX,Palomar,PALOMAR DERMALUX PULSED LIGHT SYSTEM,Substantially Equivalent,Traditional,"General, Plastic Surgery",US,NC,,N,Summary,https://www.accessdata.fda.gov/scripts/cdrh/cfdocs/cfpmn/pmn.cfm?ID=K010618
K010928,2001-06-19,2001-03-28,GEX,Medical Bio Care Sweden AB,PROLITE VL PULSED LIGHT SYSTEM,Substantially Equivalent,Traditional,"General, Plastic Surgery",US,CA,,N,Summary,https://www.accessdata.fda.gov/scripts/cdrh/cfdocs/cfpmn/pmn.cfm?ID=K010928
K010927,2001-06-19,2001-03-28,GEX,Medical Bio Care Sweden AB,MODIFICATION TO PROLITE PULSED LIGHT SYSTEM,Substantially Equivalent,Traditional,"General, Plastic Surgery",US,CA,,N,Summary,https://www.accessdata.fda.gov/scripts/cdrh/cfdocs/cfpmn/pmn.cfm?ID=K010927
K003886,2001-03-01,2000-12-18,GEX,"Palomar Medical Technologies, Inc.",PALOMAR SPALIGHT PULSED LIGHT SYSTEM,Substantially Equivalent,Traditional,"General, Plastic Surgery",US,NC,,N,Summary,https://www.accessdata.fda.gov/scripts/cdrh/cfdocs/cfpmn/pmn.cfm?ID=K003886
K000929,2000-10-17,2000-03-22,GEX,Medical Bio Care Sweden AB,PROLITE PULSED LIGHT SYSTEM,Substantially Equivalent,Traditional,"General, Plastic Surgery",US,NM,,N,Summary,https://www.accessdata.fda.gov/scripts/cdrh/cfdocs/cfpmn/pmn.cfm?ID=K000929
K002072,2000-09-11,2000-07-07,GEX,Medical Bio Care Sweden AB,PROLITE VL PULSED LIGHT SYSTEM,Substantially Equivalent,Traditional,"General, Plastic Surgery",US,NM,,N,Summary,https://www.accessdata.fda.gov/scripts/cdrh/cfdocs/cfpmn/pmn.cfm?ID=K002072
K994014,2000-02-24,1999-11-26,GEX,"Esc Medical Systems , Ltd.",ESC INTENSE PULSED LIGHT SYSTEMS: EPILIGHT AND MULTILIGHT,Substantially Equivalent,Traditional,"General, Plastic Surgery",US,MA,,N,Summary,https://www.accessdata.fda.gov/scripts/cdrh/cfdocs/cfpmn/pmn.cfm?ID=K994014
