k_number,decision_date,product_code,applicant,device_name,pdf_status,pulse_modes,multi_pulse_flag,pulse_snippet,fluence_jcm2_candidates,fluence_jcm2_max,energy_j_candidates,energy_j_max,wavelength_nm,pulse_ms_range,pdf_url
K261325,2026-05-21,OHT,"Shenzhen Ulike Smart Electronics Co., Ltd.","Ice Cooling IPL Hair Removal Device (UI06S PR, UI06S PN, UI06S WH, UI06S PRU, UI06S PNU, UI06S WHU)",ok,triple+multi,YES,"with safety and efficacy. it is designed with a lamp that can emit continuously double or triple pulses per shot. it works below the skin's surface and does not involve any cutting or pulling,","5.3, 6.97, 7.27",7.27,"5.3, 6.97, 7.27, 8.0, 17.5, 23.0, 24.0",24.0,,1.82-10.0,https://www.accessdata.fda.gov/cdrh_docs/pdf26/K261325.pdf
K260594,2026-05-20,OHT,"Shenzhen Xiazhifeng Electronic Co., Ltd.","IPL Hair Removal Device (FL-B505AG, FL-B505AP, FL-B505AM, FL-B507AG, FL-B507AP, FL-B507AM, FL-B508AG, FL-B508AP, FL-B508AM, FL-B509AG, FL-B509AP, FL-B509AM, FL-B510G, FL-B510P, FL-B510M, FL-B511G, FL-B511P, FL-B511M, FL-B512AG, FL-B512AP, FL-B512AM, FL-B513AG, FL-B513AP, FL-B513AM)",ok,(none detected),unknown,,"3.0, 3.1, 4.1, 5.0",5.0,"3.0, 3.1, 4.0, 4.1, 5.0, 10.0, 10.8, 11.0, 12.5",12.5,,2.0-10.0,https://www.accessdata.fda.gov/cdrh_docs/pdf26/K260594.pdf
K260742,2026-05-05,OHT,"Shenzhen Ulike Smart Electronics Co., Ltd.","Ice Cooling IPL Hair Removal Device (UI20S DB, UI20S RE, UI20S PW, UI20S GP, UI20S GR, UI20S BK)",ok,double+single+multi,YES,se pulsed light xenon arc flashlamp 550-1200mm 1.65~6.92j/cm² 4.29~27j 3.9cm² 0.86-6.32ms double pulse quadruple pulse intense pulsed light xenon arc flashlamp same same 530-1100nm 7-10j/cm,"6.92, 10.0",10.0,"6.92, 10.0, 27.0, 30.0",30.0,530-1100,6.32-60.0,https://www.accessdata.fda.gov/cdrh_docs/pdf26/K260742.pdf
K260518,2026-04-21,OHT,"Shenzhen Semlamp Intelligent Technology Co., Ltd.","IPL Hair Removal (SL-B301, SL-B300, SL-B330, SL-B330-1, SL-B287-1, SL-B371, SL-B371-2, SL-B371-1, SL-B352, SL-B352-1, SL-B352-2, SL-B330-F)",ok,triple+double+single+shr,YES,"2 remark r3c16series: 6-11ms 9-12milliseconds 0.93ms~3.50ms single pulse double pulse triple pulse similar note 2 r3c16-p, r3c16-w, r3c16-g: 1.56j/cm2~4.69j/cm2 ; sl-b287: 2.2-5.3j/cm²","1.39, 1.56, 2.79, 3.03, 3.4, 3.57, 4.17, 4.69, 5.3, 6.1, 6.36, 6.41, 7.5",7.5,"1.39, 1.56, 2.79, 3.03, 3.4, 3.57, 4.17, 4.69, 5.3, 6.1, 6.36, 6.41, 7.5",7.5,530-1200,0.93-12.0,https://www.accessdata.fda.gov/cdrh_docs/pdf26/K260518.pdf
K254047,2026-03-11,OHT,"Shenzhen Chuangtong Yigou Technology Co., Ltd.","Hair Removal Device (CT10, CT10 Pro, CT11, CT11 Pro, CT12, CT12 Pro, CTU05, CTU07, CTU09, CTU012, CTU015, CTU X, DT015 Pro, DT015, DT017 Pro, DT017, DT025 Pro, DT025)",ok,double,YES,ilar spot size 4.2cm2 3.9cm² 0.86-6.32ms pulse duration 0.86-5.96ms quadruple pulse double pulse quadruple pulse pulsing control finger switch finger switch note 2 note 3 note 3 sim,"1.6, 4.3, 4.4, 4.7, 4.8, 5.0, 6.92",6.92,"1.6, 4.3, 4.4, 4.7, 4.8, 5.0, 6.92, 12.0, 13.0, 14.0, 21.0, 27.0",27.0,550-1200; 590-1200,2.0-15.0,https://www.accessdata.fda.gov/cdrh_docs/pdf25/K254047.pdf
K253666,2026-02-23,OHT,"Shenzhen Mlay Intelligent Technology Co., Ltd.","IPL Hair Removal Device (Models: T31A, T32A)",ok,double+multi,YES,"multipulse) is within the range of those of the predicate devices (k250942, 0.86-6.32ms, double pulse, quadruple pulse; k251176, 0.4-5.5ms). any minor differences between the subject device a","5.9, 6.48, 6.92",6.92,"5.9, 6.48, 6.92",6.92,510-1200,0.4-6.32,https://www.accessdata.fda.gov/cdrh_docs/pdf25/K253666.pdf
K253881,2025-12-29,OHT,"Shenzhen Fansizhe Science and Technology Co., Ltd.","Intense Pulsed Light (IPL) System (Models: T033KQ, T033KD, T033KF, T033MQ, T033MD, T033MF, T055KQ, T055KD, T055KH, T505KQ, T505KH, T505KF, SL-B505WM)",ok,triple+double+single,YES,"mpresses during hair removal. page 2 of 13 all models have single pulse, dual pulse and three pulse functions. the intense pulsed light (ipl) system includes main unit, an adaptor and goggl","5.1, 5.3, 5.4, 6.67, 8.03, 8.33, 8.48",8.48,"5.1, 5.3, 5.4, 6.67, 8.03, 8.33, 8.48, 15.8, 16.7, 17.7, 25.0, 26.0, 26.5, 28.0",28.0,,3.2-12.0,https://www.accessdata.fda.gov/cdrh_docs/pdf25/K253881.pdf
K253754,2025-12-23,OHT,Philips Consumer Lifestyle B.V.,Philips Lumea IPL,ok,(none detected),unknown,,6.0,6.0,6.0,6.0,,0.4-0.4,https://www.accessdata.fda.gov/cdrh_docs/pdf25/K253754.pdf
K253304,2025-11-25,OHT,"Dongguan Lide Electric Appliance Co., Ltd.","IPL Hair Removal Device (KA-10, KA-11, KA-11C, KA-11D, KA-18, KA-20, KA-21, KA-21C)",ok,(none detected),unknown,,"4.55, 4.67, 4.85, 5.2, 5.46, 5.6, 5.7, 5.82, 6.0",6.0,"4.55, 4.67, 4.85, 5.2, 5.46, 5.6, 5.7, 5.82, 6.0",6.0,600-1200,1.0-7.0,https://www.accessdata.fda.gov/cdrh_docs/pdf25/K253304.pdf
K253035,2025-11-19,OHT,"Gu'An Yeolight Smart Electronics Co., Ltd.","IPL Hair Removal Device (SYL001AZ, SYL002AZ)",ok,(none detected),unknown,,"1.5, 1.52, 1.9, 2.27, 2.6, 3.03, 3.7, 3.79, 4.0, 4.55, 4.87, 5.18, 5.62",5.62,"1.5, 1.52, 1.9, 2.27, 2.6, 3.03, 3.7, 3.79, 4.0, 4.5, 4.55, 4.87, 5.0, 5.18, 5.62, 5.7, 7.5, 7.8, 10.0, 11.1, 12.0, 12.5, 13.0, 15.0, 16.0",16.0,470-1200; 560-1200; 610-1200,1.1-10.8,https://www.accessdata.fda.gov/cdrh_docs/pdf25/K253035.pdf
K252618,2025-11-14,OHT,"Alovea Healthcare Co. , Ltd.","IPL Hair Removal Device (I6 S1, I6 D1, I6 M1)",ok,double+single+multi,YES,"g hair growth with minimal pain. model i6 s1 adopts single pulse technology, i6 d1 adopts dual pulse technology, and i6 m1 can switch between single pulse and dual pulse. the device is only","2.25, 2.75, 5.625, 6.56, 6.67, 7.27",7.27,"2.25, 2.75, 5.625, 6.56, 6.67, 7.27",7.27,550-1200; 600-1200,0.7-8.07,https://www.accessdata.fda.gov/cdrh_docs/pdf25/K252618.pdf
K252234,2025-10-14,OHT,"Shenzhen Qiaochengli Technology Co., Ltd.","IPL Home Use Hair Removal Device (Models: FDA11, FDA12, FDA13, FDA14, FDA15, FDA16, FDA17, FDA18, FDA19, FDA20, FDA21S, FDA22S, FDA23S, FDA24S, FDA25, FDA26, FDA27, FDA28, FDA29S, FDA30S, FDA31S)",ok,(none detected),unknown,,"2.64, 3.5, 4.28, 4.69",4.69,"2.64, 3.5, 4.28, 4.69",4.69,510-1200,0.9-12.0,https://www.accessdata.fda.gov/cdrh_docs/pdf25/K252234.pdf
K252209,2025-10-10,OHT,"Foshan Jindi Electric Appliance Co., Ltd.","IPL Home Use Hair Removal Device (JD-TM016, JD-TM023, JD-TM027, JD-TM028, JD-TM032)",ok,double+single+multi,YES,"-tm016, jd-tm023 are single pulse devices while models jd-tm027, jd-tm028 and jdtm032 are double pulses devices. the device is only powered by the external power adapter. this device adopts sa","1.1, 1.4, 1.6, 6.67, 7.2, 10.0",10.0,"1.1, 1.4, 1.6, 3.6, 4.0, 4.2, 4.8, 6.67, 7.2, 10.0, 19.8, 26.0, 30.0",30.0,530-1100; 560-1200,2.0-60.0,https://www.accessdata.fda.gov/cdrh_docs/pdf25/K252209.pdf
K251398,2025-10-02,OHT,"Shenzhen Enmind Technology Co., Ltd.","IPL Hair Removal Device (IPL-001, IPL-002)",ok,(none detected),unknown,,"3.2, 5.5",5.5,"3.2, 5.5",5.5,560-1200; 580-1200,4.5-15.5,https://www.accessdata.fda.gov/cdrh_docs/pdf25/K251398.pdf
K252804,2025-10-01,OHT,"Shenzhen Ulike Smart Electronics Co., Ltd.","Ice Cooling IPL Hair Removal Device (UI20S BK, UI20S BS, UI20S DB, UI20S GP, UI20S GR, UI20S MP, UI20S PW, UI20S RE, UI20S WH, UI20WG;UI20 BK, UI20 BL, UI20 BR, UI20 BS, UI20 DB, UI20 GP, UI20 GR, UI20 MP, UI20 PN, UI20 PW, UI20 RE, UI20 WH; UI06 PN, UI06 PL, UI06 JL, UI06 BR, UI06 DB,UI06 PR, UI06 OG,UI06RD,UI06 WH, UI06 MG, UI06 OB, UI06 LY, UI06 IG; UI06S PR, UI06S PN, UI06S WH, UI06S PRU, UI06S PNU, UI06S WHU; UI04 MK, UI04 BN, UI04 BU, UI04 CB, UI04 GY, UI04 LG, UI04 DG, UI04 PL,",ok,(none detected),unknown,,,,,,,,https://www.accessdata.fda.gov/cdrh_docs/pdf25/K252804.pdf
K251914,2025-09-15,OHT,"Miley Technology (Hebei) Co., Ltd.",IPL Hair Removal Device (MLY-M011); IPL Hair Removal Device (MLY-M012); IPL Hair Removal Device (MLY-M013); IPL Hair Removal Device (MLY-M015); IPL Hair Removal Device (MLY-T001); IPL Hair Removal Device (MLY-T002),ok,(none detected),unknown,,"2.5, 3.5, 4.6, 4.8, 5.22, 5.59, 5.89",5.89,"1.2, 1.5, 1.9, 2.2, 2.5, 2.6, 3.5, 4.6, 4.8, 5.22, 5.59, 5.89, 10.0, 19.1",19.1,560-1200; 590-1200,2.0-7.5,https://www.accessdata.fda.gov/cdrh_docs/pdf25/K251914.pdf
K251545,2025-09-04,ONF,"Micowey Medical Equipment (Guangxi) Co., Ltd.",Intense Pulsed Light Therapy Device (MMABM-1),ok,double+multi,YES,se energy j 1.9 -87.8 1.9-216 1.9-175.5 energy density 5-13 5-35 5-32 5-30 5-26 5-22 j/cm 2 pulse train width 5-500 5-200 (ms) pulse train interval 1s-5s time s size of treatment 7mm roun,"22.0, 50.0",50.0,"13.0, 22.0, 23.3, 24.9, 26.0, 27.8, 30.0, 30.2, 31.6, 32.0, 34.8, 35.0, 50.0",50.0,400-1200; 420-1200; 510-1200; 515-1200; 560-1200; 590-1200; 610-1200; 610-980; 640-1200; 695-1200,20.0-50.0,https://www.accessdata.fda.gov/cdrh_docs/pdf25/K251545.pdf
K251176,2025-08-14,OHT,"Shenzhen Mlay Intelligent Technology Co., , Ltd.","IPL Hair Removal Device (Model(s): T14B, T16B, T19B, T15B, T17C, T18B, T21A, T21B, T21C, T21D, T22A, T22B, T25B, T25C)",ok,triple+double+single,YES,note 2 se note 2 0.4~5.5ms 0.5~8.0ms 4 ~ 12ms 0.93ms~3.50ms single pulse double pulse triple pulse yes yes yes yes yes same presence presence presence presence presence same 7,"5.23, 5.75, 5.9, 7.2",7.2,"5.23, 5.75, 5.9, 6.41, 7.2",7.2,560-1200,0.93-12.0,https://www.accessdata.fda.gov/cdrh_docs/pdf25/K251176.pdf
K251707,2025-08-01,OHT,"Shenzhen Huachuangtong Industrial Co., Ltd.",IPL Hair Removal Device (HCT-1208/HCT-1208B/HCT-1208L),ok,(none detected),unknown,,"4.58, 4.8, 5.89, 7.27",7.27,"1.2, 1.5, 1.9, 2.2, 2.6, 4.58, 4.8, 5.89, 7.27, 11.0, 24.0",24.0,,3.0-8.07,https://www.accessdata.fda.gov/cdrh_docs/pdf25/K251707.pdf
K251984,2025-07-24,OHT,"Shenzhen Ulike Smart Electronics Co., Ltd.","Ice Cooling IPL Hair Removal Device (UI06S PR, UI06S PN, UI06S WH, UI06S PRU, UI06S PNU, UI06S WHU)",ok,triple+multi,YES,"with safety and efficacy. it is designed with a lamp that can emit continuously double or triple pulses per shot. it works below the skin's surface and does not involve any cutting or pulling,","5.3, 5.45, 7.2, 7.27",7.27,"5.3, 5.45, 7.2, 7.27, 8.0, 17.5, 18.0, 19.8, 24.0",24.0,,1.82-10.0,https://www.accessdata.fda.gov/cdrh_docs/pdf25/K251984.pdf
K251173,2025-07-14,OHT,"Shenzhen Fansizhe Science and Technology Co., Ltd.","Intense Pulsed Light (IPL) System (T033KQ, T033KD, T033KF, T033MQ, T033MD, T033MF, T055KQ, T055KD, T055KH, T002AQ, T002AD, T002AF, T002BQ, T002BD, T002BF, T050KQ, T050KD, T050KF)",ok,double+single,YES,"kin by the photon irradiation and do cooling compresses during hair removal. based on the dual pulse technology, intense pulsed light (ipl) system, models: t033kq, t033kd, t033kf, t033mq, t0","4.03, 4.2, 5.1, 5.2, 5.3, 5.4, 5.43, 6.67",6.67,"4.03, 4.2, 5.1, 5.2, 5.3, 5.4, 5.43, 6.67, 10.0, 15.8, 16.1, 16.6, 16.7, 17.2, 17.7, 26.0",26.0,,0.8-12.0,https://www.accessdata.fda.gov/cdrh_docs/pdf25/K251173.pdf
K250942,2025-07-11,OHT,"Shenzhen Ulike Smart Electronics Co., Ltd.","Ice Cooling IPL Hair Removal Device (UI20S DB, UI20S RE, UI20S PW, UI20S GP, UI20S GR, UI20S BK, UI20 DB, UI20 RE, UI20 PW, UI20 GP, UI20 GR, UI20 BK)",ok,double+single+multi,YES,² output energy 4.29~27j 6.5~26j 21~30j spot size pulse duration 3.9cm² 0.86-6.32ms double pulse quadruple pluse 3.9cm² 0.88~3.20ms single pulse double pulse quadruple pluse pulsing co,"3.33, 4.5, 5.43, 6.67, 6.92, 10.0",10.0,"3.33, 4.16, 4.3, 4.36, 4.5, 5.1, 5.43, 6.1, 6.67, 6.92, 6.96, 7.96, 8.63, 9.13, 10.0, 19.35, 26.0, 27.0, 30.0",30.0,530-1100,0.8-60.0,https://www.accessdata.fda.gov/cdrh_docs/pdf25/K250942.pdf
K243123,2025-07-03,ONF,"Medusa (Guangxi)Medical Devices Co., Ltd.",IPL Treatment Device (MDSQMC-01),ok,(none detected),unknown,,"35.0, 50.0",50.0,"35.0, 50.0, 56.0",56.0,400-1200; 430-1200; 520-650; 560-1200; 590-1200; 640-1200; 695-1200,20.0-25.0,https://www.accessdata.fda.gov/cdrh_docs/pdf24/K243123.pdf
K251000,2025-06-30,OHT,"Shenzhen Chuangtong Yigou Technology Co., Ltd.","Hand-held Hair Removal Device (FZ-200A, FZ-201, FZ-202, CT05, CT06, CT07, CT08, CT09)",ok,(none detected),unknown,,"3.33, 4.3, 4.5, 5.1, 5.43, 6.0",6.0,"3.33, 4.16, 4.3, 4.36, 4.5, 5.1, 5.43, 6.0, 6.1, 6.96, 7.96, 8.63, 9.13, 10.0, 13.0, 19.8, 22.21",22.21,510-1200; 511-1200; 512-1197; 560-1200; 590-1200,0.8-11.2,https://www.accessdata.fda.gov/cdrh_docs/pdf25/K251000.pdf
K243036,2025-06-15,OHT,"Bestway Plastic and Metal Products , Ltd.","IPL Hair Removal Device (BHRL-01, BHRL-02, BHRL-03, BHRL-04, BHRL-05, BHRL-06, BHRL-06B, BHRL-07, BHRL-08, BHRL-09, BHRL-10, BHRL-11, BHRL-12, BHRL-13, BHRL-14, BHRL-15, BHRL-16, BHRL-17, BHRL-18, BHRL-19, BHRL-20, BHRL-21, BHRL-22, BHRL-23, BHRL-24, BHRL-25, BHRL-26, BHRL-27, BHRL-28, BHRL-29)",ok,(none detected),unknown,,"3.33, 4.1, 4.5, 5.0, 5.43",5.43,"3.33, 4.1, 4.16, 4.36, 4.5, 5.0, 5.1, 5.43, 6.1, 6.96, 7.96, 8.63, 9.13, 10.0, 11.0, 12.5",12.5,,0.8-10.0,https://www.accessdata.fda.gov/cdrh_docs/pdf24/K243036.pdf
K250384,2025-05-23,OHT,"El Global Trade, Ltd.",IPL400,ok,triple+double+single+multi,YES,"ulsed light (ipl). it is designed with a lamp that can emit single pulse, double pulse or triple pulse per shot. it works below the skin's surface and does not involve any cutting or pulling,","1.8, 2.12, 2.79, 2.8, 3.52, 4.3, 4.55, 6.67, 10.0",10.0,"1.8, 2.12, 2.79, 2.8, 3.52, 4.3, 4.55, 5.4, 6.41, 6.67, 7.0, 8.4, 10.0, 10.9, 11.6, 12.9, 15.0, 19.35, 20.0, 22.0, 25.0, 30.0",30.0,530-1100; 550-1200,0.93-60.0,https://www.accessdata.fda.gov/cdrh_docs/pdf25/K250384.pdf
K250938,2025-05-23,OHT,"Shenzhen Ulike Smart Electronics Co., Ltd.","Ice Cooling IPL Hair Removal Device (MI01 LP, MI01 CB, MI01 GR, MI01 PP, MI01 RM, MI01 WG, MI01 WH, MI01 BK;UI04S PP, UI04S BU, UI04S WH, UI04S PN)",ok,triple+double+single+multi,YES,"ulsed light (ipl). it is designed with a lamp that can emit single pulse, double pulse or triple pulse per shot. it works below the skin's surface and does not involve any cutting or pulling,","1.8, 2.12, 2.79, 2.8, 3.52, 4.3, 4.55, 6.67, 10.0",10.0,"1.8, 2.12, 2.79, 2.8, 3.52, 4.3, 4.55, 5.4, 6.41, 6.67, 7.0, 8.4, 10.0, 10.9, 11.6, 12.9, 15.0, 19.35, 20.0, 22.0, 25.0, 30.0",30.0,530-1100; 550-1200,0.93-60.0,https://www.accessdata.fda.gov/cdrh_docs/pdf25/K250938.pdf
K250253,2025-05-06,OHT,"Dongguan Boyuan Intelligent Technology Co.,Ltd",IPL Hair Removal Device (KCA511/KCA516/KCA522),ok,(none detected),unknown,,"6.0, 7.2, 7.27",7.27,"6.0, 7.11, 7.2, 7.27, 9.0, 17.41, 19.8, 20.0",20.0,560-1200,0.2-12.0,https://www.accessdata.fda.gov/cdrh_docs/pdf25/K250253.pdf
K243017,2025-05-06,OHT,"Foshan Newface Electronic Technology Co., Ltd.","IPL Hair Removal Device (NV-TM10A, NV-TM10C, NV-TM10D)",not_found,,unknown,,,,,,,,https://www.accessdata.fda.gov/cdrh_docs/pdf24/K243017.pdf
K250194,2025-03-26,OHT,"Shenzhen Ulike Smart Electronics Co., Ltd.","Ice Cooling IPL Hair Removal Device (UI06S PR, UI06S PN, UI06S WH)",ok,triple+multi,YES,"tense pulsed light (ipl). it is designed with a lamp that can emit continuously double or triple pulses per shot. it works below the skin's surface and does not involve any cutting or pulling,","2.79, 5.3, 7.2, 7.27",7.27,"2.79, 5.3, 6.41, 7.2, 7.27, 10.9, 17.5, 19.8, 24.0, 25.0",25.0,,0.93-10.0,https://www.accessdata.fda.gov/cdrh_docs/pdf25/K250194.pdf
K250131,2025-03-19,OHT,"Mustech Electronics Co., Limited","IPL Hair Removal Device (M8011, M8012, M8013, M8015, M8021, M8022, M8023, M8025, M7011, M7012, M7021, M7023)",ok,(none detected),unknown,,"1.2, 4.0, 4.5, 5.2, 5.73",5.73,"1.2, 4.0, 4.5, 4.8, 5.2, 5.73, 13.5, 14.5, 15.0, 18.9",18.9,530-1200,2.5-12.0,https://www.accessdata.fda.gov/cdrh_docs/pdf25/K250131.pdf
K250171,2025-03-19,OHT,"Shenzhen Yang WO Electronic Co., Ltd.","IPL Hair Removal Device (BE965A, BE965B, BE965C)",ok,double,YES,ary predicate device (2.25~6.37j/cm2). 3. different pulse duration: the subject device is double-pulse with a range in 0.82ms~s.32ms. though the pulse duration of the subject device is a littl,"6.37, 6.56, 6.67",6.67,"6.37, 6.56, 6.67",6.67,600-1200,0.82-32.0,https://www.accessdata.fda.gov/cdrh_docs/pdf25/K250171.pdf
K243453,2025-02-10,OHT,Philips Consumer Lifestyle B.V.,Philips Lumea IPL,ok,(none detected),unknown,,,,,,,,https://www.accessdata.fda.gov/cdrh_docs/pdf24/K243453.pdf
K243085,2024-12-21,OHT,"Zhuzhou Goldenhot Medical Technology Co., Ltd.","IPL Hair Removal Device (DE03A-W, DE03A-P, DE03A-V, DE03A-G, DE03B-W, DE03B-P, DE03B-V, DE03B-G)",ok,(none detected),unknown,,"3.0, 3.33, 4.1, 4.5, 5.43",5.43,"3.0, 3.33, 4.1, 4.16, 4.36, 4.5, 5.1, 5.43, 6.1, 6.96, 7.96, 8.63, 9.0, 9.13, 10.0, 11.9, 12.8, 14.0",14.0,510-1200,0.8-2.0,https://www.accessdata.fda.gov/cdrh_docs/pdf24/K243085.pdf
K241998,2024-12-13,OHT,"Shenzhen Ulike Smart Electronics Co., Ltd.","Ice Cooling IPL Hair Removal Device (UI20 DB, UI20 RE, UI20 GP, UI20 PW, UI20S DB, UI20S RE, UI20S PW, UI20S GP,UI20 WH, UI20 GR, UI20 BS, UI20 MP, UI20 BL, UI20 PN, UI20 BR, UI20WG, UI20S WH, UI20S GR, UI20S BS, UI20S MP)",ok,triple+double+single+multi,YES,"0.9j~25j se note 4 3.9cm² se note 5 se note 6 0.93ms~3.50ms single pulse double pulse triple pulse shenzhen ulike smart electronics co., ltd. pulsing control delivery device output lev","3.33, 4.3, 4.5, 5.43, 6.41, 6.67, 7.2, 10.0",10.0,"3.33, 4.16, 4.3, 4.36, 4.5, 5.1, 5.43, 6.1, 6.41, 6.67, 6.96, 7.2, 7.96, 8.63, 9.13, 10.0, 10.9, 19.35, 19.8, 25.0, 26.0, 30.0",30.0,530-1100; 550-1200; 560-1200,0.8-60.0,https://www.accessdata.fda.gov/cdrh_docs/pdf24/K241998.pdf
K242710,2024-12-06,OHT,"Shenzhen Jianchao Intelligent Technology Co., Ltd.","Hair Removal Device (R3C16-P, R3C16-W, R3C16-G, R3C16-P Pro, R3C16-W Pro, R3C16-G Pro, R3505-W, R3505-B, R3505-W Pro, R3505-B Pro)",ok,double+single,YES,"t illumination tissue direct illumination to tissue to to variable single pulse: 25ms double pulse: 20ms on, 60ms off. finger switch direct illumination to tissue same similar same same","1.2, 1.39, 1.56, 3.03, 3.57, 4.17, 4.69, 5.1, 5.2, 6.0, 6.36, 7.5, 10.0",10.0,"1.2, 1.39, 1.56, 3.03, 3.57, 4.17, 4.69, 5.1, 5.2, 6.0, 6.36, 7.5, 10.0",10.0,510-1100; 510-1200; 530-1100; 530-1200,2.0-60.0,https://www.accessdata.fda.gov/cdrh_docs/pdf24/K242710.pdf
K243362,2024-11-27,OHT,Cyden Limited,SmoothSkin Pure Switch (SSC1),ok,(none detected),unknown,,6.0,6.0,6.0,6.0,,,https://www.accessdata.fda.gov/cdrh_docs/pdf24/K243362.pdf
K242440,2024-11-14,ONF,"Nanjing Bestview Laser S&T Co., Ltd.",Intense Pulsed Light Treatment System (LK-PT),ok,(none detected),unknown,,50.0,50.0,50.0,50.0,430-1200; 480-1200; 530-1200; 560-1200; 590-1200; 640-1200; 690-1200; 695-1200; 750-1200,10.0-50.0,https://www.accessdata.fda.gov/cdrh_docs/pdf24/K242440.pdf
K242595,2024-11-07,OHT,"Shenzhen Greatro Electronic Technology Co., Ltd.","Intense Pulse Light Therapeutic Apparatus (IPL-18 BF, IPL-18 FG)",ok,(none detected),unknown,,"4.8, 4.92, 5.89, 6.0",6.0,"1.2, 1.5, 1.9, 2.2, 2.6, 4.8, 4.92, 5.89, 6.0, 7.5, 9.5, 11.0, 12.5, 19.8",19.8,,1.0-9.24,https://www.accessdata.fda.gov/cdrh_docs/pdf24/K242595.pdf
K242039,2024-11-06,OHT,"Shenzhen Ulike Smart Electronics Co., Ltd.","Ice Cooling IPL Hair Removal Device (UIM20 GR, UIM20 BK, UIM20 SL, UIM20 CB, UIM20 WR)",ok,triple+double+single+multi,YES,"s designed with dual lamps that work together and can emit single, continuously double or triple pulses per shot. it works below the skin's surface and does not involve any cutting or pulling,","2.79, 4.5, 5.0, 5.43, 7.2, 10.0",10.0,"2.79, 4.16, 4.36, 4.5, 5.0, 5.1, 5.43, 6.1, 6.41, 6.96, 7.2, 7.96, 8.63, 9.13, 10.0, 10.9, 19.8, 25.0, 30.0",30.0,475-1200; 530-1100; 560-1200,0.8-60.0,https://www.accessdata.fda.gov/cdrh_docs/pdf24/K242039.pdf
K243030,2024-10-25,OHT,"Ulike Co., Ltd.","Diamond Air+ (UI04A, UI04B, UI04C, UI04M, UI04G, UI04W)",ok,(none detected),unknown,,6.0,6.0,6.0,6.0,550-1200,,https://www.accessdata.fda.gov/cdrh_docs/pdf24/K243030.pdf
K242197,2024-10-17,OHT,"Shenzhen Huaruibo Electric Appliances Co., Ltd.","IPL Hair Removal Device (DH4, DH5, DH5 Plus, DH5 Max)",ok,(none detected),unknown,,"4.0, 4.5, 5.1",5.1,"4.0, 4.5, 5.1",5.1,510-1200,9.6-9.6,https://www.accessdata.fda.gov/cdrh_docs/pdf24/K242197.pdf
K241834,2024-09-23,OHT,"Shenzhen Yang WO Electronic Co., Ltd.","IPL Hair Removal Device (BE932C, BE932D, BE932E)",ok,(none detected),unknown,,,,,,600-1200,,https://www.accessdata.fda.gov/cdrh_docs/pdf24/K241834.pdf
K241205,2024-09-09,OHT,"Shenzhen Ulike Smart Electronics Co., Ltd.","Ice Cooling IPL Hair Removal Device (Y6S GR, Y6S GA,Y6S GT, Y6S JU, Y6S JM, Y6S MU, Y6S OG, Y6S CH,Y6S PN,Y6S NK, Y6S PG, Y6S TG, Y6S OE)",ok,(none detected),unknown,,"1.45, 5.0, 5.23, 5.3",5.3,"1.45, 4.35, 5.0, 5.23, 5.3, 15.0, 17.5",17.5,550-1200,6.6-10.0,https://www.accessdata.fda.gov/cdrh_docs/pdf24/K241205.pdf
K241881,2024-08-29,OHT,"Shenzhen Junmei Technology Co., Ltd.","IPL Hair Removal Device (JM-843, JM-865, JM-638)",ok,(none detected),unknown,,"4.3, 5.2, 5.45",5.45,"4.3, 4.5, 5.2, 5.45, 8.0, 8.5, 10.0, 11.0, 12.5, 13.5, 14.5, 15.0",15.0,500-1200,1.0-12.0,https://www.accessdata.fda.gov/cdrh_docs/pdf24/K241881.pdf
K240016,2024-07-10,OHT,"Shenzhen Jianrong Biomedical Electronics Co., Ltd.","IPL Hair Removal Device (YT01,YT02,YT03,YT04)",ok,(none detected),unknown,,"4.3, 5.3",5.3,"4.3, 5.3",5.3,550-1200,,https://www.accessdata.fda.gov/cdrh_docs/pdf24/K240016.pdf
K241343,2024-07-09,OHT,"Shenzhen Lescolton Electrical Appliance Co., Ltd.","IPL Hair Removal Device (LS-T121, LS-T121A, LS-T121B, LS-T121C, LS-T130, LS-T130A, LST130B, LS-T133, LS-T135, LS-T136, LS-T137, LS-T134, LS-T138, LS-T139, LS-T140)",ok,(none detected),unknown,,"3.33, 4.0, 4.5, 4.7, 4.87, 5.0, 5.1, 5.18, 5.43, 5.62, 5.7, 6.0",6.0,"3.33, 4.0, 4.5, 4.7, 4.87, 5.0, 5.1, 5.18, 5.43, 5.62, 5.7, 6.0",6.0,470-1200; 510-1200; 560-1200; 600-1200; 610-1200,0.8-12.0,https://www.accessdata.fda.gov/cdrh_docs/pdf24/K241343.pdf
K241120,2024-06-24,OHT,"Qiaocheng LI (Dongguan) Medical Instruments Co., Ltd.","Intense pulsed light therapy apparatus (FDA01, FDA02, FDA03, FDA04S, FDA05S, FDA06, FDA06S, FDA07, FDA07S, FDA08, FDA09S, FDA10S)",ok,(none detected),unknown,,"2.64, 3.5, 4.0, 4.1, 4.69",4.69,"2.64, 3.5, 4.0, 4.1, 4.69",4.69,510-1100; 510-1200,0.9-12.0,https://www.accessdata.fda.gov/cdrh_docs/pdf24/K241120.pdf
K240649,2024-06-21,OHT,"Shenzhen Ulike Smart Electronics Co., Ltd.","Ice Cooling IPL Hair Removal Device (UI07 BR, UI07 DB, UI07 BL, UI07 GP, UI07 PN, UI07 RE, UI07 WH, UI07 PW, UI20 BR, UI20 DB, UI20 BL, UI20GP, UI20 PN, UI20 RE, UI20 WH, UI20 PW)",ok,(none detected),unknown,,,,,,,,https://www.accessdata.fda.gov/cdrh_docs/pdf24/K240649.pdf
K240583,2024-06-18,OHT,"Shenzhen Beauty Every Moment Intelligent Electric Co., Ltd.","IPL Home Use Hair Removal Device (D-1199, D-T099, D-T018, D-T019, D-T003B, D-T003W, D-T018Y, D-T019Y, D-1196B, D-1196W, D-1196C, D-1196C1, D-T099K, D-T099KW, D-T012, D-T012W)",ok,(none detected),unknown,,"3.33, 4.5, 5.0, 5.43, 6.0, 6.18",6.18,"3.33, 4.5, 5.0, 5.43, 6.0, 6.18",6.18,530-1100; 550-1100; 590-1100; 600-1100; 640-1100,0.8-12.0,https://www.accessdata.fda.gov/cdrh_docs/pdf24/K240583.pdf
K240969,2024-05-31,OHT,"Shenzhen Semlamp Intelligent Technology Co., Ltd.","IPL Hair Removal (SL-B287, SL-B329, SL-B301-1, SL-B328)",ok,(none detected),unknown,,"3.4, 4.87, 5.18, 5.3, 5.62",5.62,"2.79, 3.4, 4.46, 4.87, 5.18, 5.3, 5.62",5.62,470-1200; 560-1200,2.4-13.0,https://www.accessdata.fda.gov/cdrh_docs/pdf24/K240969.pdf
K241106,2024-05-22,OHT,"Shenzhen Mlay Intelligent Technology Co., , Ltd.","Ice Cooling IPL Home Use Hair Removal Device (Model(s): T10B, T10C, T15A, T17A, T18A, T14A, T16A, T19A)",ok,(none detected),unknown,,"4.11, 5.1, 5.23, 5.3, 6.0",6.0,"4.11, 5.1, 5.23, 5.3, 6.0, 7.04, 7.22, 12.0, 17.0, 17.5, 19.8, 22.21",22.21,,2.5-11.2,https://www.accessdata.fda.gov/cdrh_docs/pdf24/K241106.pdf
K240482,2024-05-17,ONF,"Smedtrum Medical Technology Co., Ltd.",Intense Pulsed Light System (ST-690),ok,shr,no,"1200nm hair removal 60,000 shots 640 -1200nm hair removal 50,000 shots 610 – 980nm (shr) hair removal 30,000 shots indications for use the intense pulsed light system is inte","23.3, 24.9, 27.8, 30.2, 31.6, 34.8, 35.0",35.0,"23.3, 24.9, 27.8, 30.2, 31.6, 34.8, 35.0",35.0,420-1200; 510-1200; 560-1200; 610-1200; 610-980; 640-1200,20.0-50.0,https://www.accessdata.fda.gov/cdrh_docs/pdf24/K240482.pdf
K240093,2024-04-24,OHT,"Shenzhen Shuge Medical Beauty Devices Co., Ltd.",IPL Home Use Hair Removal Device (SJ15),ok,(none detected),unknown,,"4.4, 5.0",5.0,"4.4, 5.0",5.0,500-1200; 550-1100; 550-1200; 600-1100; 640-1100,,https://www.accessdata.fda.gov/cdrh_docs/pdf24/K240093.pdf
K240652,2024-04-04,OHT,"Shenzhen Ulike Smart Electronics Co., Ltd.","Ice Cooling IPL Hair Removal Device (UI06 PN, UI06 PL, UI06 JL, UI06 BR, UI06 DB, UI06 PR, UI06 OG,UI06 RD,UI06 WH, UI06 MG, UI06 OB, UI06 LY, UI06 IG, UIM20 GR, UIM20 BK, UIM20 SL, UIM20 CB, UIM20 WR)",ok,(none detected),unknown,,,,,,,,https://www.accessdata.fda.gov/cdrh_docs/pdf24/K240652.pdf
K240282,2024-04-03,OHT,"Dongguan Boyuan Intelligent Technology Co.,Ltd","IPL Hair Removal Device (model: KCA450, KCA446, KCA504, KCA505, KCA506, KCA507, KCA508, KCA509, KCA501, KCA423, KCA448, KCA449, KCA502, KCA521)",ok,(none detected),unknown,,,,,,,,https://www.accessdata.fda.gov/cdrh_docs/pdf24/K240282.pdf
K240587,2024-03-29,OHT,Cyden Limited,SmoothSkin Pure Unplugged (SSB3),ok,(none detected),unknown,,,,,,,,https://www.accessdata.fda.gov/cdrh_docs/pdf24/K240587.pdf
K233307,2024-03-15,ONF,"Beijing Adss Development Co., Ltd.",Intensity Pulsed Light Therapy System,ok,(none detected),unknown,,,,,,,,https://www.accessdata.fda.gov/cdrh_docs/pdf23/K233307.pdf
K240264,2024-03-08,OHT,"Shenzhen Mlay Intelligent Technology Co., , Ltd.","Home Use Hair Removal Device (Model(s):T10A, T10B, T10C, T10D, T11A, T15A, T17A, T18A, T14A, T16A, T19A)",ok,(none detected),unknown,,"4.3, 5.23",5.23,"4.3, 5.23",5.23,530-1100,8.0-9.6,https://www.accessdata.fda.gov/cdrh_docs/pdf24/K240264.pdf
K233887,2024-01-22,OHT,"Shenzhen Ulike Smart Electronics Co., Ltd.","IPL Hair Removal Device (UI06PN, UI06 PL, UI06 JL, UI06 BR, UI06 DB, UI06 PR, UI06 OG, UI06 RD, UI08 BR, UI08 DB, UI08 BL, UI08 GP, UI08 PN, UI08 RE, UI08 WH, UI08 PW, UI07 BR, UI07 DB, UI07 BL, UI07 GP, UI07 PN, UI07 RE, UI07 WH, UI07 PW, UI20 BR, UI20 DB, UI20 BL, UI20 GP, UI20 PN, UI20 RE, UI20 WH, UI20 PW)",ok,(none detected),unknown,,,,,,,,https://www.accessdata.fda.gov/cdrh_docs/pdf23/K233887.pdf
K233664,2024-01-11,OHT,"Shenzhen Ulike Smart Electronics Co., Ltd.","IPL Hair Removal Device (UI06 PN, UI06 PL, UI06 JL, UI06 BR, UI06 DB, UI06 PR, UI06 OG, UI06 RD,UI06 WH, UI06 MG, UI06 OB, UI06 LY,UI06 IG,)",ok,(none detected),unknown,,,,,,,,https://www.accessdata.fda.gov/cdrh_docs/pdf23/K233664.pdf
K233679,2024-01-05,OHT,"Shenzhen Ulike Smart Electronics Co., Ltd.","IPL Hair Removal Device (UI04 MK,UI04 BN,UI04 BU,UI04 CB,UI04 GY,UI04 LG,UI04 DG,UI04 PL,UI04 PN,UI04 SD,UI04 SG,UI04 MG)",ok,(none detected),unknown,,,,,,,,https://www.accessdata.fda.gov/cdrh_docs/pdf23/K233679.pdf
K233782,2023-12-20,OHT,Cyden Limited,SmoothSkin Pure Adapt (SSG3),ok,(none detected),unknown,,,,,,,,https://www.accessdata.fda.gov/cdrh_docs/pdf23/K233782.pdf
K232939,2023-12-15,OHT,"Shenzhen Borria Technology Co., Ltd.",IPL Hair Removal Device,ok,double,YES,"j/cm2 3~6j/cm² max.4.3j/ cm² spot size 3.36cm² 3cm²(3cm by 1cm) 3.3cm2 , 3.96 cm2, 3.63 cm2 pulse duration 8~12ms 2ms to10ms 8.8~13.2ms pulsing control finger switch finger switch finger","4.3, 6.0",6.0,"4.3, 6.0",6.0,,2.0-13.2,https://www.accessdata.fda.gov/cdrh_docs/pdf23/K232939.pdf
K232846,2023-12-07,OHT,"Shenzhen Meik Beauty Industry Co., Ltd.",Light Based Hair Removal Device,ok,(none detected),unknown,,"3.9, 4.6, 5.0, 6.0",6.0,"3.9, 4.6, 5.0, 6.0",6.0,,10.0-20.0,https://www.accessdata.fda.gov/cdrh_docs/pdf23/K232846.pdf
K232932,2023-12-04,OHT,"Shenzhen Greatro Electronic Technology Co., Ltd.",Intense Pulse Light Therapeutic Apparatus,ok,(none detected),unknown,,"2.49, 4.92, 5.0",5.0,"2.49, 3.9, 4.92, 5.0, 6.0, 7.5, 9.5, 11.0, 12.5",12.5,,9.24-15.0,https://www.accessdata.fda.gov/cdrh_docs/pdf23/K232932.pdf
K232708,2023-12-01,ONF,"Hebei Zhemai Technology Co., Ltd.",Intense pulsed light therapy device,ok,multi,YES,"ronment - guidance electrostatic discharge (esd) iec 61000-4-2 electrostatic transient / burst iec 61000-4-4 surge iec 61000-4-5 voltage dips, short interruptions and voltage variati",50.0,50.0,50.0,50.0,520-650; 540-800; 640-1200; 650-1200; 800-1200,25.0-25.0,https://www.accessdata.fda.gov/cdrh_docs/pdf23/K232708.pdf
K232575,2023-11-20,OHT,"Shenzhen Jianchao Intelligent Technology Co., Ltd.","Hair Removal Device, Model(s): R2815-G Pro, R2815-G",ok,(none detected),unknown,,"4.1, 5.2, 5.73",5.73,"4.1, 5.2, 5.73, 11.9, 12.8, 14.0, 14.5, 18.9",18.9,530-1200,2.5-12.0,https://www.accessdata.fda.gov/cdrh_docs/pdf23/K232575.pdf
K232845,2023-11-14,OHT,"Shenzhen Siken 3D Technology Development Co., Ltd.",IPL Cooling Hair Removal Device,ok,(none detected),unknown,,"4.4, 4.8, 5.0, 5.2",5.2,"4.4, 4.8, 5.0, 5.2",5.2,470-1200,5.0-10.0,https://www.accessdata.fda.gov/cdrh_docs/pdf23/K232845.pdf
K232499,2023-10-11,OHT,"Shenzhen Lescolton Electrical Appliance Co., Ltd.","IPL Hair Removal Device (LS-T106, LS-T107, LS-T108)",ok,(none detected),unknown,,"3.33, 4.0, 4.5, 4.87, 4.93, 5.0, 5.18, 5.43, 5.6, 5.62",5.62,"3.33, 4.0, 4.16, 4.36, 4.5, 4.87, 4.93, 5.0, 5.1, 5.18, 5.43, 5.6, 5.62, 6.1, 6.4, 6.96, 7.96, 8.63, 8.82, 9.13, 10.0, 10.09, 11.0, 12.5, 12.73, 13.0, 13.62, 14.24, 15.0, 15.6, 16.0, 16.76, 17.05",17.05,470-1200; 560-1200; 610-1100; 610-1200,0.64-14.0,https://www.accessdata.fda.gov/cdrh_docs/pdf23/K232499.pdf
K232056,2023-10-06,OHT,"Dongguan Lide Electric Appliance Co., Ltd.","IPL Hair Removal Device, Model(s): PB1, PB2, PB3, PB4, TM002",ok,(none detected),unknown,,"3.5, 4.0",4.0,"3.5, 4.0, 12.0, 15.5, 18.0",18.0,510-1100,3.0-14.0,https://www.accessdata.fda.gov/cdrh_docs/pdf23/K232056.pdf
K232274,2023-09-28,OHT,Lumenessa Corp,IPL hair removal device,ok,(none detected),unknown,,"4.7, 6.0, 6.5",6.5,"4.7, 6.0, 6.5",6.5,510-1100,2.0-13.0,https://www.accessdata.fda.gov/cdrh_docs/pdf23/K232274.pdf
K231977,2023-09-25,OHT,"Foreo, Inc.","PEACH 2, PEACH 2 Duo, PEACH 2 go",ok,(none detected),unknown,,,,,,,,https://www.accessdata.fda.gov/cdrh_docs/pdf23/K231977.pdf
K232183,2023-09-22,OHT,"Shenzhen Koli Technology Co.,Ltd","IPL Hair Removal Device, Model(s): T1, T2, T3, T7, T10",ok,(none detected),unknown,,"1.5, 1.6, 1.9, 2.3, 2.8, 2.81, 3.0, 3.08, 3.2, 3.5, 3.8, 4.3",4.3,"1.5, 1.6, 1.9, 2.3, 2.8, 2.81, 3.0, 3.08, 3.2, 3.5, 3.8, 4.3",4.3,510-1100; 550-1100,8.0-12.0,https://www.accessdata.fda.gov/cdrh_docs/pdf23/K232183.pdf
K232124,2023-09-14,OHT,"Shenzhen Wochuan Electronic Co., Ltd.","IPL Hair Removal, Model: W-1095, W-1098",ok,(none detected),unknown,,"2.49, 4.0, 4.5",4.5,"2.49, 2.79, 4.0, 4.46, 4.5",4.5,,3.0-15.0,https://www.accessdata.fda.gov/cdrh_docs/pdf23/K232124.pdf
K230362,2023-09-11,OHT,"Shenzhen Leaflife Technology Co., Ltd.",Planar LED mate,ok,(none detected),unknown,,"3.7, 4.4, 5.0, 10.0, 15.0, 20.0, 25.0",25.0,"3.7, 4.4, 5.0, 10.0, 15.0, 20.0, 25.0, 100.0",100.0,510-1100; 780-850,10.8-10.8,https://www.accessdata.fda.gov/cdrh_docs/pdf23/K230362.pdf
K231800,2023-09-07,OHT,"Shenzhen Qianyu Technology Co., Ltd.","IPL Hair Removal Device, Model(s): JP1, JR3, JR8, JR9",ok,(none detected),unknown,,"2.49, 2.5, 4.6, 5.22, 5.4, 5.59, 6.0",6.0,"2.49, 2.5, 4.6, 5.22, 5.4, 5.59, 6.0",6.0,560-1200; 590-1200,1.0-15.0,https://www.accessdata.fda.gov/cdrh_docs/pdf23/K231800.pdf
K231717,2023-09-06,OHT,"Foshan Jindi Electric Appliance Co., Ltd.","IPL Home Use Hair Removal Device, Model(s): JD-TM002, JD-TM003, JD-TM012, JD-TM016, JD-TM022",ok,(none detected),unknown,,"4.0, 4.3, 5.0, 6.0",6.0,"4.0, 4.3, 5.0, 6.0",6.0,510-1100; 530-1100; 550-1100; 600-1100; 640-1100,7.2-13.2,https://www.accessdata.fda.gov/cdrh_docs/pdf23/K231717.pdf
K231394,2023-08-09,ONF,"Smedtrum Medical Technology Co., Ltd.",Intense Pulsed Light System,ok,shr,no,"1200nm hair removal 60,000 shots 640 -1200nm hair removal 50,000 shots 610 – 980nm (shr) hair removal 30,000 shots indications for use the intense pulsed light system is inte","23.3, 24.9, 27.8, 30.2, 31.6, 33.4, 34.8, 35.0, 37.4, 38.7, 43.3, 47.0",47.0,"23.3, 24.9, 27.8, 30.2, 31.6, 33.4, 34.8, 35.0, 37.4, 38.7, 43.3, 47.0, 50.8",50.8,420-1200; 510-1200; 560-1200; 610-1200; 610-980; 640-1200; 690-1200,20.0-50.0,https://www.accessdata.fda.gov/cdrh_docs/pdf23/K231394.pdf
K231613,2023-07-31,OHT,"Zhuzhou Goldenhot Medical Technology Co., Ltd.","Intense pulsed light device, Model(s): DE01A-B, DE01A-G, DE01B-B, DE01B-G, DE01C-B, DE01C-G, DE02A-B, DE02A-G, DE02B-B, DE02B-G, DE02C-B, DE02C-G.",ok,(none detected),unknown,,"2.49, 4.1, 4.7, 4.8, 5.5, 5.73, 5.75",5.75,"2.49, 3.92, 4.1, 4.7, 4.72, 4.8, 5.3, 5.5, 5.6, 5.62, 5.73, 5.75, 6.49, 6.5, 7.3, 7.48, 11.9, 12.8, 14.0, 14.5, 16.6, 18.6, 18.9, 20.7",20.7,470-1100; 510-1200,2.0-15.0,https://www.accessdata.fda.gov/cdrh_docs/pdf23/K231613.pdf
K230025,2023-07-03,OHT,"Ivylaser (Beijing) Technology Co.,Ltd",IVYLASER Handhold Hair Removal Machine,ok,(none detected),unknown,,"1.85, 3.09, 5.0, 6.17, 9.26, 10.0, 15.0, 15.43, 20.0, 25.0",25.0,"1.85, 3.09, 5.0, 6.17, 9.26, 10.0, 15.0, 15.43, 20.0, 25.0",25.0,,50.0-68.06,https://www.accessdata.fda.gov/cdrh_docs/pdf23/K230025.pdf
K231215,2023-06-26,OHT,"Zhongshan Qizhe Technology Co., Ltd.","IPL Hair Removal Device Model: Skin Expert Pro IPL 008, Skin Expert Pro IPL 008S",ok,(none detected),unknown,,"5.2, 5.5, 5.73",5.73,"4.8, 5.2, 5.5, 5.73, 12.0, 16.0, 18.0, 18.9",18.9,510-1100,3.0-12.0,https://www.accessdata.fda.gov/cdrh_docs/pdf23/K231215.pdf
K230473,2023-06-15,OHT,"Miley Technology (Hebei) Co., Ltd.",IPL Hair Removal Device Models: MLY-T069,ok,(none detected),unknown,,,,,,,,https://www.accessdata.fda.gov/cdrh_docs/pdf23/K230473.pdf
K230739,2023-05-26,OHT,"Shenzhen Ionka Medical Technology Co., Ltd.","Hand-held IPL device (IPL Home Use Hair Removal Device), Model: FZ-608, FZ-608G, FZ-100, FZ-200",ok,(none detected),unknown,,"3.33, 4.5, 5.0, 5.43",5.43,"3.33, 4.16, 4.36, 4.5, 4.6, 5.0, 5.1, 5.43, 5.7, 6.1, 6.5, 6.63, 6.96, 7.35, 7.96, 8.06, 8.63, 8.66, 9.13, 9.73, 10.0, 11.3, 11.96, 13.5, 14.1, 15.0, 15.13, 15.33, 16.26",16.26,475-1200,0.8-10.0,https://www.accessdata.fda.gov/cdrh_docs/pdf23/K230739.pdf
K230911,2023-04-27,OHT,Cyden Limited,Braun Skin i.expert,ok,(none detected),unknown,,,,,,,,https://www.accessdata.fda.gov/cdrh_docs/pdf23/K230911.pdf
K230549,2023-04-25,OHT,"Shenzhen Xiazhifeng Electronic Co., Ltd.","IPL Hair Removal Device, Model(s): FY-B505AL, FY-B505AG, FY-B505BL, FY-B505BG, FY-B507AL, FY-B507AG, FY-B507BL, FY-B507BG, FY-B508AL, FY-B508AG, FY-B508BL, FY-B508BG, FY-B509AL, FY-B509AG, FY-B509BL, FY-B509BG",ok,(none detected),unknown,,"2.49, 3.0, 4.3",4.3,"2.49, 3.0, 3.92, 4.0, 4.3, 4.72, 5.62, 6.49, 7.48, 10.8, 15.39",15.39,470-1100; 510-1100; 530-1100,2.0-15.0,https://www.accessdata.fda.gov/cdrh_docs/pdf23/K230549.pdf
K230816,2023-04-21,ONF,"Shangdong Huamei Technology Co., Ltd.",Intense Pulsed Light Treatment System,ok,(none detected),unknown,,50.0,50.0,50.0,50.0,430-1200; 530-1200; 560-1200; 590-1200; 640-1200; 690-1200,20.0-50.0,https://www.accessdata.fda.gov/cdrh_docs/pdf23/K230816.pdf
K230090,2023-04-19,OHT,"Wuhan Lotuxs Technology Co., Ltd.",Diode Laser Hair Removal,ok,(none detected),unknown,,"2.0, 2.2, 2.8, 3.4, 3.5, 4.3, 4.5, 5.0, 5.3, 5.6, 7.0, 9.0, 10.0, 15.0, 20.0, 25.0",25.0,"2.0, 2.2, 2.8, 3.4, 3.5, 4.3, 4.5, 5.0, 5.3, 5.6, 7.0, 9.0, 10.0, 15.0, 20.0, 25.0",25.0,,,https://www.accessdata.fda.gov/cdrh_docs/pdf23/K230090.pdf
K230122,2023-04-10,OHT,"Shenzhen Ulike Smart Electronics Co., Ltd.","IPL Hair Removal Device, Model(s): UI04 SD, UI04 DG",ok,(none detected),unknown,,"2.5, 5.1, 6.0, 7.2",7.2,"2.5, 5.1, 6.0, 7.04, 7.2, 7.22, 7.5, 8.5, 9.5, 11.0, 12.0, 18.0, 19.8, 22.21",22.21,510-1100; 510-1200; 511-1200; 512-1197; 560-1200,1.0-11.2,https://www.accessdata.fda.gov/cdrh_docs/pdf23/K230122.pdf
K230360,2023-04-10,OHT,"Shenzhen Jizhimei Technology Co., Ltd.","IPL Cooling Hair Removal Device, Model(s): NBB01, NBB02",ok,(none detected),unknown,,"4.0, 5.14, 5.3",5.3,"4.0, 5.14, 5.3, 13.62, 17.05, 17.5, 18.0",18.0,,7.2-10.0,https://www.accessdata.fda.gov/cdrh_docs/pdf23/K230360.pdf
K230097,2023-04-06,OHT,"Shenzhen Bsx Technology Electronics Co., Ltd.","IPL Hair Removal Device, Model(s): BSXT101, BSXT102, BSXT103, BSXT105, BSXT106, BSXT108",ok,(none detected),unknown,,"2.49, 5.0, 6.0",6.0,"2.49, 5.0, 6.0",6.0,475-1100,10.0-15.0,https://www.accessdata.fda.gov/cdrh_docs/pdf23/K230097.pdf
K230107,2023-04-05,OHT,"Kam Yuen Plastic Products , Ltd.","Aimanfun Lumea Comfort, Model: A-2788, A-2789 and A-3588",ok,(none detected),unknown,,4.5,4.5,"4.5, 13.5",13.5,,,https://www.accessdata.fda.gov/cdrh_docs/pdf23/K230107.pdf
K230021,2023-03-31,OHT,"Shenzhen Yangyi Technology ., Ltd.","IPL Hair Removal Device, Model(s): AP10, AP20, AP30, AP32",ok,double,YES,"regular window: of treatment 2.0cm2, cm² 4.5cm2, window) (cm2) 3.0cm2 filter window: 2.5cm2 pulse duration 8.8~13.2ms 7.5~14ms 124*83*48.5mm different note 2 186g different note 2 no","2.49, 4.0, 4.3, 4.5",4.5,"2.49, 4.0, 4.3, 4.5",4.5,,13.2-15.0,https://www.accessdata.fda.gov/cdrh_docs/pdf23/K230021.pdf
K223928,2023-03-28,OHT,"Shenzhen Fansizhe Science and Technology Co., Ltd.","Intense Pulsed Light (IPL) System, model: T023K, T023A, T023B, T023C, T023D, T023E, T021K, T021A, T001A, T001B, T001M, T001N, T011C, T016K",ok,(none detected),unknown,,"4.7, 4.8, 5.5, 5.6, 5.73, 5.75",5.75,"4.7, 4.8, 5.3, 5.5, 5.6, 5.73, 5.75, 6.5, 7.3, 14.5, 16.6, 16.8, 16.81, 18.6, 18.9, 20.7",20.7,610-1100,12.0-14.0,https://www.accessdata.fda.gov/cdrh_docs/pdf22/K223928.pdf
K230060,2023-03-03,OHT,"Shenzhen Gsd Tech Co., Ltd.",Light Based Hair Removal Device GP592,ok,(none detected),unknown,,"4.2, 4.93",4.93,"4.2, 4.93",4.93,,,https://www.accessdata.fda.gov/cdrh_docs/pdf23/K230060.pdf
K223618,2023-02-28,OHT,"Shenzhen Ulike Smart Electronics Co., Ltd.","IPL Hair Removal Device, Model(s): UI06 PN, UI06 PL, UI06 JL, UI06 BR, UI06 DB, UI06 PR, UI06 OG, UI06 RD",ok,(none detected),unknown,,"2.5, 5.1, 6.0",6.0,"2.5, 5.1, 6.0, 7.04, 7.22, 7.5, 8.5, 9.5, 11.0, 12.0, 18.0, 19.8, 22.21",22.21,510-1100; 510-1200; 511-1200; 512-1197,1.0-11.2,https://www.accessdata.fda.gov/cdrh_docs/pdf22/K223618.pdf
K220214,2023-02-18,ONF,"Shanghai Omni Laser Skinology Co., Ltd.",Painless IPL System - KDT750,ok,shr,no,"table of the subject device (hr handpiece) and predicate device (hr module aft handpiece, shr module handpieces) device feature wavelength indication for use ipl systemhr handpiece","7.0, 12.0, 15.0, 25.0",25.0,"7.0, 12.0, 15.0, 25.0",25.0,515-980; 530-950; 540-950; 640-950; 650-950; 780-950,50.0-50.0,https://www.accessdata.fda.gov/cdrh_docs/pdf22/K220214.pdf
K223524,2023-02-16,OHT,"Morlaser Shenzhen Co., Ltd.","IPL Hair Removal, Model(s): SB01, SB01A, SB01B, SB01C, SN02, SN03",ok,(none detected),unknown,,"3.1, 3.55, 4.0, 5.3",5.3,"3.1, 3.55, 4.0, 4.5, 5.3, 5.7, 7.5, 7.8, 8.5, 9.5, 10.5, 11.0, 11.1, 12.0, 15.0, 17.5, 83.5",83.5,510-1100; 550-1200,1.0-10.0,https://www.accessdata.fda.gov/cdrh_docs/pdf22/K223524.pdf
K222710,2022-12-01,OHT,"Shenzhen Siken 3D Technology Development Co., Ltd.",IPL Cooling Hair Removal Device,ok,(none detected),unknown,,"3.7, 4.0, 4.3",4.3,"3.7, 4.0, 4.3",4.3,530-1100,5.0-12.0,https://www.accessdata.fda.gov/cdrh_docs/pdf22/K222710.pdf
K222598,2022-11-17,OHT,"Shenzhen Noble Smart Manufacturing Tech Co., Ltd.",IPL Hair Removal Device,ok,(none detected),unknown,,,,,,,,https://www.accessdata.fda.gov/cdrh_docs/pdf22/K222598.pdf
K221643,2022-10-21,OHT,"Shenzhen Desida Technology Co., Ltd.","Hair Removal Device (Model: IPL-D26, IPL-D19)",ok,(none detected),unknown,,"4.9, 6.0",6.0,"4.9, 6.0",6.0,510-1100,2.0-10.0,https://www.accessdata.fda.gov/cdrh_docs/pdf22/K221643.pdf
K222537,2022-10-14,OHT,Shenzhen Ishine Technology Company Limited,"IPL Hair Removal Device, Model(s): skn001,skn005,skn006,skn002,RoseSkinCo Lumi",ok,(none detected),unknown,,"1.5, 1.6, 1.9, 2.3, 2.6, 2.8, 3.2, 3.5, 3.7, 3.8, 4.0, 5.3",5.3,"1.5, 1.6, 1.9, 2.3, 2.6, 2.8, 3.2, 3.5, 3.7, 3.8, 4.0, 5.3",5.3,510-1100,3.0-10.0,https://www.accessdata.fda.gov/cdrh_docs/pdf22/K222537.pdf
K222432,2022-10-11,OHT,"Hunan Guangye Biotechnology Co., Ltd.","IPL Hair Removal Device, Model(s): KCA423,  KCA437, KCA439",ok,(none detected),unknown,,"5.0, 6.0",6.0,"5.0, 6.0",6.0,510-1100,2.0-12.0,https://www.accessdata.fda.gov/cdrh_docs/pdf22/K222432.pdf
K222316,2022-09-28,OHT,"Shenzhen Goodwind Technology Development Co., Ltd.",IPL Hair Removal Device,ok,(none detected),unknown,,"3.7, 4.3, 4.4",4.4,"3.7, 4.3, 4.4",4.4,510-1100; 530-1100,10.8-12.0,https://www.accessdata.fda.gov/cdrh_docs/pdf22/K222316.pdf
K221214,2022-09-21,ONF,"Shenzhen Ionka Medical Technology Co., Ltd.","Hand-held IPL device (IPL Home Use Hair Removal Device) Model:FZ-608, FZ-608G, FZ-100, FZ-200",ok,(none detected),unknown,,"3.3, 3.33, 4.5, 5.0, 5.4, 5.43, 6.0",6.0,"3.3, 3.33, 4.16, 4.36, 4.5, 4.6, 5.0, 5.1, 5.4, 5.43, 5.7, 6.0, 6.1, 6.5, 6.63, 6.96, 7.96, 8.06, 8.63, 8.66, 9.13, 9.73, 10.0, 11.3, 11.96, 13.5, 14.1, 15.0, 15.13, 15.33, 16.26, 18.0, 20.0",20.0,,0.8-10.0,https://www.accessdata.fda.gov/cdrh_docs/pdf22/K221214.pdf
K221553,2022-09-15,OHT,"Ulike Co., Ltd.","Diamond Air+ (UI04A, UI04B, UI04C)",ok,(none detected),unknown,,,,,,,,https://www.accessdata.fda.gov/cdrh_docs/pdf22/K221553.pdf
K221635,2022-08-31,OHT,"Shenzhen Desida Technology Co., Ltd.",IPL sapphire ice cooling hair remove device,ok,(none detected),unknown,,"4.3, 4.5, 5.0, 5.1",5.1,"4.3, 4.5, 5.0, 5.1",5.1,480-1200; 510-1100; 530-1100; 640-1200,12.0-24.0,https://www.accessdata.fda.gov/cdrh_docs/pdf22/K221635.pdf
K221466,2022-08-12,OHT,"Shenzhen Century Dongyuan Technology CO , Ltd.","IPL Hair Removal Device, model: AI01, AI06, AI08, AI16, AI17",ok,(none detected),unknown,,5.2,5.2,"5.2, 16.0",16.0,,,https://www.accessdata.fda.gov/cdrh_docs/pdf22/K221466.pdf
K220385,2022-08-12,ONF,"Beijing Globalipl Development Co., Ltd.",Intense Pulsed Light Equipment,ok,(none detected),unknown,,"40.0, 50.0",50.0,"40.0, 50.0",50.0,,9.9-99.0,https://www.accessdata.fda.gov/cdrh_docs/pdf22/K220385.pdf
K221451,2022-08-01,OHT,"Shenzhen Lizbella Technology Co.,Ltd",IPL hair removal,ok,(none detected),unknown,,"4.5, 5.3",5.3,"4.5, 5.3",5.3,510-1100; 530-1100,10.0-14.0,https://www.accessdata.fda.gov/cdrh_docs/pdf22/K221451.pdf
K221679,2022-07-07,OHT,"Shenzhen Mywin Technology Co., Ltd.","IPL Hair Remover, Model: G993, G996, G998 and G885",ok,(none detected),unknown,,"1.8, 2.3, 3.2, 4.4, 4.5",4.5,"1.8, 2.3, 3.2, 4.4, 4.5",4.5,590-1100; 600-1100,3.0-12.0,https://www.accessdata.fda.gov/cdrh_docs/pdf22/K221679.pdf
K221246,2022-07-07,OHT,"Shenzhen Semlamp Intelligent Technology Co., Ltd.","IPL Hair Removal (Model: SL-B080, SL-B126, SL-B136)",ok,(none detected),unknown,,"4.0, 4.5, 5.1",5.1,"4.0, 4.5, 5.1",5.1,510-1100,14.0-14.0,https://www.accessdata.fda.gov/cdrh_docs/pdf22/K221246.pdf
K220248,2022-07-01,OHT,"Shenzhen Mareal Tech Co., Ltd.",Home use hair removal device,ok,(none detected),unknown,,"4.3, 5.1",5.1,"4.3, 5.1",5.1,510-1100; 530-1100,7.0-12.0,https://www.accessdata.fda.gov/cdrh_docs/pdf22/K220248.pdf
K221569,2022-06-30,OHT,"Shenzhen Fansizhe Science and Technology Co., Ltd.","Intense Pulsed Light (IPL) System, model: T013C, T015C, T015K",ok,(none detected),unknown,,"3.41, 3.6, 4.03, 4.69, 5.18",5.18,"3.41, 3.6, 3.8, 4.03, 4.1, 4.69, 5.18, 5.2, 5.5, 13.4, 16.1, 16.4, 20.7",20.7,,10.0-12.0,https://www.accessdata.fda.gov/cdrh_docs/pdf22/K221569.pdf
K220927,2022-06-02,OHT,"Shenzhen Qiaochengli Technology Co., Ltd.",IPL Hair Removal,ok,(none detected),unknown,,,,,,,,https://www.accessdata.fda.gov/cdrh_docs/pdf22/K220927.pdf
K221002,2022-06-01,OHT,"Shenzhen Ulike Smart Electronics Co., Ltd.","IPL Hair Removal Device, Model(s): UI04A, UI04B, UI04C",ok,(none detected),unknown,,"2.5, 5.1, 5.3, 6.0",6.0,"2.5, 5.1, 5.3, 6.0, 7.04, 7.22, 7.5, 8.5, 9.5, 11.0, 12.0, 17.5, 18.0, 22.21",22.21,510-1100; 510-1200,1.0-11.2,https://www.accessdata.fda.gov/cdrh_docs/pdf22/K221002.pdf
K220669,2022-05-16,OHT,"Shenzhen Junbobeauty Technology Co., Ltd.","IPL HAIR REMOVAL HANDSET, Model: IPL-666",ok,(none detected),unknown,,"2.49, 4.0, 4.5, 5.0",5.0,"2.49, 4.0, 4.5, 5.0",5.0,,12.0-15.0,https://www.accessdata.fda.gov/cdrh_docs/pdf22/K220669.pdf
K221001,2022-05-12,OHT,"Shenzhen Beauty Every Moment Intelligent Electric Co., Ltd.",IPL Home Use Hair Removal Device,ok,(none detected),unknown,,4.3,4.3,4.3,4.3,530-1100; 550-1100,12.0-12.0,https://www.accessdata.fda.gov/cdrh_docs/pdf22/K221001.pdf
K220645,2022-04-27,OHT,"Shenzhen Qianyu Technology Co., Ltd.",Hand-held IPL device (JOVS Hair Removal Device),ok,(none detected),unknown,,"5.14, 5.4, 6.0",6.0,"5.14, 5.4, 6.0, 18.0, 18.4",18.4,510-1100,9.5-10.0,https://www.accessdata.fda.gov/cdrh_docs/pdf22/K220645.pdf
K220222,2022-04-26,OHT,"Shenzhen Yuwei Electronic Technology Co., Ltd.","IPL Hair Removal Device,  model(s): S1-A, S2-A, S1, S2, S3, S4",ok,(none detected),unknown,,"5.1, 5.6",5.6,"5.1, 5.6",5.6,510-1100; 610-1100,12.0-14.0,https://www.accessdata.fda.gov/cdrh_docs/pdf22/K220222.pdf
K212881,2022-04-11,OHT,"Shenzhen Fansizhe Science and Technology Co., Ltd.",Intense Pulsed Light (IPL) System,ok,(none detected),unknown,,,,,,,,https://www.accessdata.fda.gov/cdrh_docs/pdf21/K212881.pdf
K214113,2022-03-28,OHT,"Shenzhen Qianyu Technology Co., Ltd.",Hand-held IPL device(JOVS Graphene Hair Removal Device),ok,(none detected),unknown,,"3.0, 5.4",5.4,"3.0, 5.4, 11.8, 18.0, 18.4",18.4,,9.5-9.5,https://www.accessdata.fda.gov/cdrh_docs/pdf21/K214113.pdf
K213558,2022-03-08,ONF,"Ulike Co., Ltd.",IPL Hair Removal Device,ok,(none detected),unknown,,6.0,6.0,6.0,6.0,550-1200,3.0-3.0,https://www.accessdata.fda.gov/cdrh_docs/pdf21/K213558.pdf
K213830,2022-02-01,OHT,"Iluminage Beauty Co., Limited","Home use hair removal device, model: Precise Touch Pro",ok,(none detected),unknown,,"4.0, 4.3, 5.1",5.1,"4.0, 4.3, 5.1",5.1,510-1200; 530-1100; 530-1200,9.6-13.0,https://www.accessdata.fda.gov/cdrh_docs/pdf21/K213830.pdf
K213692,2022-01-26,OHT,Cyden Limited,SmoothSkin Pure Mini,ok,(none detected),unknown,,,,,,,,https://www.accessdata.fda.gov/cdrh_docs/pdf21/K213692.pdf
K212318,2022-01-14,OHT,"Dongguan Define Beauty Electronic Technology Co., Ltd.",IPL Hair Removal,ok,(none detected),unknown,,"2.5, 5.0",5.0,"2.5, 5.0, 7.5, 8.5, 8.62, 9.45, 9.5, 10.64, 11.0, 11.48, 12.0, 12.7",12.7,475-1200,1.0-12.0,https://www.accessdata.fda.gov/cdrh_docs/pdf21/K212318.pdf
K211185,2021-12-20,OHT,"Shenzhen Beauty Every Moment Intelligent Electric Co., Ltd.",IPL Home Use Hair Removal Device,ok,(none detected),unknown,,"4.0, 4.5, 6.0",6.0,"4.0, 4.5, 6.0",6.0,510-1100; 530-1100; 590-1100; 600-1100,10.0-14.5,https://www.accessdata.fda.gov/cdrh_docs/pdf21/K211185.pdf
K213020,2021-12-16,OHT,"Shenzhen Borria Technology Co., Ltd.",IPL hair removal machine,ok,(none detected),unknown,,"5.0, 5.1",5.1,"5.0, 5.1",5.1,510-1100; 510-1200,11.4-12.0,https://www.accessdata.fda.gov/cdrh_docs/pdf21/K213020.pdf
K212697,2021-11-19,OHT,"Shenzhen Leaflife Technology Co., Ltd.",Leaf Smooth,ok,(none detected),unknown,,"4.0, 4.5, 5.0, 6.0",6.0,"4.0, 4.5, 5.0, 6.0",6.0,475-1100; 475-1200; 510-1100,10.0-14.0,https://www.accessdata.fda.gov/cdrh_docs/pdf21/K212697.pdf
K213041,2021-11-18,OHT,"Glan Electronics Co., Ltd.","IPL Hair Removal, Model: OBT-02",ok,(none detected),unknown,,"1.33, 1.5, 1.57, 1.8, 1.9, 1.97, 2.23, 2.6, 2.8, 3.1, 3.5, 3.7, 3.8, 4.0, 4.2, 6.0",6.0,"1.33, 1.5, 1.57, 1.8, 1.9, 1.97, 2.23, 2.6, 2.8, 3.1, 3.5, 3.7, 3.8, 4.0, 4.2, 6.0",6.0,,3.0-12.0,https://www.accessdata.fda.gov/cdrh_docs/pdf21/K213041.pdf
K212897,2021-11-04,OHT,"Shenzhen Century Dongyuan Technology CO , Ltd.","IPL Hair Removal Device, model: AI01",ok,(none detected),unknown,,5.2,5.2,"5.2, 16.0",16.0,,,https://www.accessdata.fda.gov/cdrh_docs/pdf21/K212897.pdf
K212314,2021-10-21,OHT,"Zhongshan Bisen Plastic Electronic Products Co., Ltd.",IPL Hair Removal Device,ok,(none detected),unknown,,"3.0, 4.0",4.0,"3.0, 4.0, 6.0, 11.8, 18.0",18.0,510-1100; 600-1100,10.4-14.0,https://www.accessdata.fda.gov/cdrh_docs/pdf21/K212314.pdf
K210376,2021-10-07,OHT,"Guangzhou Haoxingwan Technology Co., Ltd.",Superior Hair Remover,ok,(none detected),unknown,,"4.0, 4.5, 5.0, 5.1",5.1,"4.0, 4.5, 5.0, 5.1",5.1,,,https://www.accessdata.fda.gov/cdrh_docs/pdf21/K210376.pdf
K211368,2021-10-04,ONF,"Shenzhen Mywin Technology Co., Ltd.","IPL Hair Remover, Model: G993, G996, G998 and G885",ok,(none detected),unknown,,"1.8, 2.0, 2.3, 3.0, 3.2, 3.5, 4.0, 4.4, 4.5, 6.0",6.0,"1.8, 2.0, 2.3, 3.0, 3.2, 3.5, 4.0, 4.4, 4.5, 6.0",6.0,510-1100; 550-1200; 600-1200,3.0-10.0,https://www.accessdata.fda.gov/cdrh_docs/pdf21/K211368.pdf
K211922,2021-09-20,OHT,"Shenzhen Beauty Every Moment Intelligent Electric Co., Ltd.",IPL Home Use Hair Removal Device,ok,(none detected),unknown,,4.5,4.5,4.5,4.5,510-1100; 600-1100,14.0-14.5,https://www.accessdata.fda.gov/cdrh_docs/pdf21/K211922.pdf
K211174,2021-09-01,OHT,"Shenzhen Qiaochengli Technology Co., Ltd.",IPL Hair Removal,ok,(none detected),unknown,,,,,,,12.0-12.0,https://www.accessdata.fda.gov/cdrh_docs/pdf21/K211174.pdf
K211994,2021-07-28,OHT,Cyden Limited,Braun Silk.expert Mini,ok,(none detected),unknown,,,,,,,,https://www.accessdata.fda.gov/cdrh_docs/pdf21/K211994.pdf
K210311,2021-07-23,OHT,"Shenzhen Mismon Technology Co., Ltd.","Home Use IPL Beauty Device, Model(s): MS-208B, MS-212B, MS-216B, MS-218B, MELSYA-M6, MELSYA-M7.",ok,(none detected),unknown,,"4.0, 5.1, 5.5",5.5,"4.0, 5.1, 5.5",5.5,,,https://www.accessdata.fda.gov/cdrh_docs/pdf21/K210311.pdf
K210119,2021-05-21,ONF,"Shenzhen Boyuan Intelligent Electronic Technology Co., Ltd.",IPL Hair Removal Device (Model: KCA423),ok,(none detected),unknown,,,,,,,,https://www.accessdata.fda.gov/cdrh_docs/pdf21/K210119.pdf
K203510,2021-02-26,OHT,"Shenzhen Weikai Technology Co.,Ltd",IPL Hair removal,ok,(none detected),unknown,,"4.0, 4.7, 6.0",6.0,"4.0, 4.7, 6.0",6.0,510-1100; 530-1200; 600-1100,10.0-14.0,https://www.accessdata.fda.gov/cdrh_docs/pdf20/K203510.pdf
K200746,2020-05-15,ONF,"Shanghai Apolo Medical Technology Co., Ltd.",IPL Treatment Systems,ok,(none detected),unknown,,"32.9, 33.4, 36.8, 37.4, 38.1, 38.7, 42.6, 43.3, 46.35, 47.0, 50.0",50.0,"32.9, 33.4, 36.8, 37.4, 38.1, 38.7, 42.6, 43.3, 46.35, 47.0, 50.0, 50.8",50.8,420-1200; 510-1200; 560-1200; 610-1200; 640-1200; 690-1200,20.0-50.0,https://www.accessdata.fda.gov/cdrh_docs/pdf20/K200746.pdf
K193328,2020-03-25,ONF,"Beijing Globalipl Development Co., Ltd.",IPL + Diode Laser Machine,ok,shr,no,c m2 1-70j/ cm2 analysis 2 1-20 hz analysis 2 5~400ms se frequency pulse duration shr:1-10hz lhr:1-3 hz 5~400ms analysis 2 the proposed device is different in spot size，fluen,"40.0, 50.0",50.0,"40.0, 50.0, 69.0, 70.0",70.0,480-1200; 590-1200; 640-1200,,https://www.accessdata.fda.gov/cdrh_docs/pdf19/K193328.pdf
K193072,2020-03-05,ONF,"Luvo Medical Technologies, Inc.",Lucent : IPL,ok,shr,no,5mm x 40mm 6.4 cm2 510(k) submission predicate lucent : ipl (k193072) k072564 - alma shr ipl 700-980nm 780-950nm characteristic wavelength (nm) intended use intended for use,,,,,400-1200; 430-980; 515-980; 540-950; 560-980; 570-950; 585-980; 640-980; 650-950; 700-980; 780-950,6.0-30.0,https://www.accessdata.fda.gov/cdrh_docs/pdf19/K193072.pdf
K200184,2020-02-21,OHT,Cyden Limited,SmoothSkin Pure,ok,(none detected),unknown,,,,,,,,https://www.accessdata.fda.gov/cdrh_docs/pdf20/K200184.pdf
K193500,2020-01-16,GEX,"Lumenis, Ltd.",Stellar M22 for Intense Pulsed Light (IPL) and Laser System,ok,triple+single,YES,"5 cm2) 6 mm round (0.3 cm2) up to 35 or 56 j/cm2, upon tip size up to 1 hz yes, 1, 2, and 3 pulses, varying fluence per pulse (aopt mode) 0 to10 °c (rectangular) 0 to 15°c (round) maximu",14.0,14.0,"14.0, 56.0",56.0,400-1200; 525-585; 800-1200; 900-1200,20.0-20.0,https://www.accessdata.fda.gov/cdrh_docs/pdf19/K193500.pdf
K192521,2019-12-06,ONF,"Shangdong Huamei Technology Co., Ltd.",Intense Pulsed Light Treatment System,ok,(none detected),unknown,,50.0,50.0,"50.0, 60.0",60.0,430-1200; 480-1200; 530-1200; 560-1200; 590-1200; 640-1200; 690-1200; 750-1200,20.0-50.0,https://www.accessdata.fda.gov/cdrh_docs/pdf19/K192521.pdf
K192432,2019-11-08,OHT,"Shenzhen Bosidin Technology Co., Ltd.","IPL Home Use Hair Removal Device Model(s): D-1128, D-1103, D-1119, D-1129, D-1130",ok,(none detected),unknown,,"4.0, 4.5, 4.7, 5.0, 6.0",6.0,"4.0, 4.5, 4.7, 5.0, 6.0",6.0,475-1200; 510-1100,10.0-14.0,https://www.accessdata.fda.gov/cdrh_docs/pdf19/K192432.pdf
K190820,2019-10-02,OHT,"Kam Yuen Plastic Products , Ltd.",Aimanfun Lumea Comfort,ok,(none detected),unknown,,"2.0, 4.5, 4.7, 6.0, 10.0",10.0,"2.0, 4.5, 4.7, 6.0, 9.0, 10.0, 13.5, 18.0, 20.0, 22.0",22.0,550-1200,3.0-3.0,https://www.accessdata.fda.gov/cdrh_docs/pdf19/K190820.pdf
K192010,2019-09-24,OHT,Cyden Limited,SmoothSkin BARE+,ok,(none detected),unknown,,,,,,,,https://www.accessdata.fda.gov/cdrh_docs/pdf19/K192010.pdf
K190354,2019-03-18,OHT,Cyden Limited,BRAUN Silk.expert Pro 5,ok,(none detected),unknown,,,,,,,,https://www.accessdata.fda.gov/cdrh_docs/pdf19/K190354.pdf
K190366,2019-03-18,OHT,Cyden Limited,BRAUN Silk Expert Pro 3,ok,(none detected),unknown,,,,,,,,https://www.accessdata.fda.gov/cdrh_docs/pdf19/K190366.pdf
K183260,2019-03-18,OHT,"El Global Trade, Ltd.",Sensilight Pro / Pistol IPL,ok,(none detected),unknown,,,,,,475-1200; 550-1200,,https://www.accessdata.fda.gov/cdrh_docs/pdf18/K183260.pdf
K183217,2019-02-15,OHT,"Touchbeauty Beauty & Health (Shenzhen) Co., Ltd.",IPL Hair Removal Device,ok,(none detected),unknown,,"4.7, 5.2, 6.0",6.0,"4.7, 5.2, 6.0, 16.0, 18.0, 22.0",22.0,,,https://www.accessdata.fda.gov/cdrh_docs/pdf18/K183217.pdf
K181734,2018-09-19,OHT,"Home Well Trading, Ltd.",Beurer IPL 8500 device/ IPL VelvetSkin Pro,ok,(none detected),unknown,,,,,,475-1200; 550-1200,,https://www.accessdata.fda.gov/cdrh_docs/pdf18/K181734.pdf
K181568,2018-09-11,OHT,"Medical Device Branch of Zhangzhou Easepal Industrial Co.,Lt",IPL Salon Hair Reduction System,ok,(none detected),unknown,,5.0,5.0,"5.0, 8.62, 9.45, 10.64, 11.48, 12.7",12.7,,12.0-12.0,https://www.accessdata.fda.gov/cdrh_docs/pdf18/K181568.pdf
K173813,2018-09-07,OHT,"Shen Zhen Cosbeauty Co., Ltd.",IPL Hair Removal Device Joy Version,ok,(none detected),unknown,,"3.52, 3.61, 5.1, 6.0",6.0,"3.52, 3.61, 3.65, 3.84, 4.59, 4.92, 5.1, 5.33, 5.43, 6.0, 6.16, 6.23, 7.04, 7.22, 11.5, 11.77, 14.12, 15.0, 17.0, 17.12, 18.0, 19.95, 20.0, 21.0",21.0,,2.0-10.0,https://www.accessdata.fda.gov/cdrh_docs/pdf17/K173813.pdf
K181121,2018-06-28,OHT,"Home Well Trading, Ltd.",Beurer IPL 5500 device/ IPL 5000/ IPL PureSkin Pro,ok,(none detected),unknown,,,,35.0,35.0,475-1200; 480-1200,,https://www.accessdata.fda.gov/cdrh_docs/pdf18/K181121.pdf
K180383,2018-05-11,OHT,"Shenzhen Gsd Tech Co., Ltd.",Light based hair removal device,ok,(none detected),unknown,,"4.2, 4.7, 6.0",6.0,"4.2, 4.7, 6.0",6.0,,,https://www.accessdata.fda.gov/cdrh_docs/pdf18/K180383.pdf
K180016,2018-03-20,OHT,"Shenzhen Mismon Technology Co., Ltd.",Home Use IPL Beauty Device,ok,(none detected),unknown,,"4.7, 5.5, 6.0",6.0,"4.7, 5.5, 6.0",6.0,,,https://www.accessdata.fda.gov/cdrh_docs/pdf18/K180016.pdf
K172883,2018-02-12,OHT,"Shenzhen Mareal Tech Co., Ltd.","Home Use Hair Removal Device/T1, T2, T3",ok,(none detected),unknown,,"4.7, 4.8, 6.0",6.0,"4.7, 4.8, 6.0",6.0,,,https://www.accessdata.fda.gov/cdrh_docs/pdf17/K172883.pdf
K172791,2018-01-18,OHT,Conair Corporation,Lumilisse IPL Hair Remover,ok,(none detected),unknown,,"2.0, 3.0, 3.5, 4.0, 4.5, 5.0, 6.0",6.0,"2.0, 3.0, 3.5, 4.0, 4.5, 5.0, 6.0",6.0,475-1200; 510-1100; 550-1200; 600-1200,,https://www.accessdata.fda.gov/cdrh_docs/pdf17/K172791.pdf
K172181,2017-10-13,OHT,"El Global Trade, Ltd.",micro IPL,ok,(none detected),unknown,,,,,,475-1200; 480-1200,,https://www.accessdata.fda.gov/cdrh_docs/pdf17/K172181.pdf
K171433,2017-08-11,OHT,"Home Skinovations , Ltd.",Silk'n Infinity,no_text_layer_needs_ocr,,unknown,,,,,,,,https://www.accessdata.fda.gov/cdrh_docs/pdf17/K171433.pdf
K170269,2017-05-03,OHT,Oriental Inspiration Limited,Hee HR Mini,ok,single,no,echnology comparison of treatment regime 2 performance features 3 [cm2] 500‐800 [usec] single pulse duration otc use classification power supply external power supply se 500‐800 [usec] 5,,,,,,,https://www.accessdata.fda.gov/cdrh_docs/pdf17/K170269.pdf
K161428,2017-03-23,OHT,"Shen Zhen Cosbeauty Co., Ltd.",PerfectSmooth,ok,(none detected),unknown,,,,"4.7, 6.0",6.0,,,https://www.accessdata.fda.gov/cdrh_docs/pdf16/K161428.pdf
K163552,2017-03-03,OHT,Cyden Limited,iPulse SmoothSkin BARE Hair Removal Device,ok,(none detected),unknown,,,,,,,,https://www.accessdata.fda.gov/cdrh_docs/pdf16/K163552.pdf
K163173,2017-02-08,OHT,"Liaoning Sidey Optoelectronics Technologies Co., Ltd.",Handheld Diode Laser for Hair Removal,ok,(none detected),unknown,,"2.0, 5.0, 5.5, 6.0, 10.0, 11.0, 15.0, 18.0, 20.0, 21.2, 22.0, 25.0",25.0,"2.0, 5.0, 5.5, 6.0, 10.0, 11.0, 15.0, 18.0, 20.0, 21.2, 22.0, 25.0",25.0,,,https://www.accessdata.fda.gov/cdrh_docs/pdf16/K163173.pdf
K162231,2016-11-16,OHT,Cyden Limited,"iPulse SmoothSkin Gold Hair Removal Device, Venus Silk.expert",ok,(none detected),unknown,,,,,,,,https://www.accessdata.fda.gov/cdrh_docs/pdf16/K162231.pdf
K161286,2016-08-04,ONF,"Beijing Adss Development Co., Ltd.",IPL Therapy Machine,ok,(none detected),unknown,,50.0,50.0,"50.0, 60.0",60.0,430-1200; 480-1200; 530-1200; 560-1200; 590-1200; 640-1200; 690-1200; 750-1200,20.0-50.0,https://www.accessdata.fda.gov/cdrh_docs/pdf16/K161286.pdf
K161089,2016-07-08,OHT,"El Global Trade, Ltd.",sensiLight Mini,ok,(none detected),unknown,,,,,,,,https://www.accessdata.fda.gov/cdrh_docs/pdf16/K161089.pdf
K160968,2016-04-14,OHT,Cyden Limited,iPulse SmoothSkin Gold Hair Removal Device,ok,(none detected),unknown,,6.0,6.0,6.0,6.0,510-1100,2.0-10.0,https://www.accessdata.fda.gov/cdrh_docs/pdf16/K160968.pdf
K142845,2015-07-01,OHT,"Wuhan Lotuxs Technology Co., Ltd.",SILKPRO laser hair removal system,ok,(none detected),unknown,,"5.0, 6.0, 10.0, 14.0, 15.0, 18.0, 20.0, 22.0, 25.0",25.0,"5.0, 6.0, 10.0, 14.0, 15.0, 18.0, 20.0, 22.0, 25.0",25.0,,,https://www.accessdata.fda.gov/cdrh_docs/pdf14/K142845.pdf
K143003,2015-06-18,OHT,Ipulse Limited,iPulse Smooth Skin Gold Hair Removal System,ok,double+single,YES,"lamp 550-1200nm xenon arc flashlamp 510-1100nm variable single pulse 25milliseconds. to double pulse 20ms on, 60 ms off. 2 7-10j/cm 2 3cm (1.3cm by 2.4 cm) direct illumination to tissue fing","6.0, 9.0, 10.0",10.0,"6.0, 9.0, 10.0",10.0,510-1100; 530-1100; 550-1200; 650-1100,2.0-60.0,https://www.accessdata.fda.gov/cdrh_docs/pdf14/K143003.pdf
K150282,2015-05-27,ONF,"Shaser, Inc.",Shaser Skin Beauty Intense Pulsed Light System Family for Acne,ok,(none detected),unknown,,,,,,400-1100; 400-1200,,https://www.accessdata.fda.gov/cdrh_docs/pdf15/K150282.pdf
K142924,2015-02-13,GEX,"Shaser, Inc.","Shaser Skin Beauty SkinREJUV Intense, Pulsed Light System Family",ok,(none detected),unknown,,,,,,,,https://www.accessdata.fda.gov/cdrh_docs/pdf14/K142924.pdf
K140668,2014-12-19,ONF,Global Medical Technology S.L.,PLATINUMGMT IPL SYSTEM CLOUD,ok,double,YES,x 34 8 x 40 12 x 33 l5 x 60 15 x 50 system (cloud wavelength (mm) energy range j/cm2 pulse duration (ms) pulse delay (ms) spot size (mm) 15 x 35 page 7 of 8 settings for specif,50.0,50.0,"50.0, 60.0",60.0,430-1200; 530-1200,9.9-99.0,https://www.accessdata.fda.gov/cdrh_docs/pdf14/K140668.pdf
K141242,2014-10-17,OHT,"Home Skinovations , Ltd.",GLIDE DEVICE,ok_ocr,(none detected),unknown,,,,,,,,https://www.accessdata.fda.gov/cdrh_docs/pdf14/K141242.pdf
K132518,2014-08-17,OHT,"Wellquest Intl., Inc.",NUBRILLIANCE PULSED LIGHT HAIR REMOVAL DEVICE,ok,single+multi,YES,"radiated radio frequency electromagnetic yield immunity tests, electrical fast transient burst immunity test, surge immunity tests. voltage drops, short interruptions, voltage variatio",,,,,,5.0-5.0,https://www.accessdata.fda.gov/cdrh_docs/pdf13/K132518.pdf
K140381,2014-08-08,OHT,"El Global Trade, Ltd.",SENSILIGHT/ SENSILIGHT PLUS,ok,single,no,trade ltd sensilight – 510k submission feature (fluence) user selectable energy levels single pulse duration interval between pulses power supply rd-16036 a0 el global trade ltd. sensilig,,,,,475-1200,,https://www.accessdata.fda.gov/cdrh_docs/pdf14/K140381.pdf
K140527,2014-07-31,OHT,"El Global Trade, Ltd.",SENSILIGHT MINI,ok,(none detected),unknown,,,,,,,,https://www.accessdata.fda.gov/cdrh_docs/pdf14/K140527.pdf
K141583,2014-07-22,ONF,"Shaser, Inc.",SHASER SKIN BEAUTY INTENSE PULSED LIGHT SYSTEM FAMILY,ok,(none detected),unknown,,,,,,,,https://www.accessdata.fda.gov/cdrh_docs/pdf14/K141583.pdf
K131712,2014-05-30,ONF,"Ybk Investment, Inc.",A-TONE IPL SYSTEM,ok,(none detected),unknown,,"25.0, 50.0",50.0,"25.0, 50.0",50.0,,20.0-20.0,https://www.accessdata.fda.gov/cdrh_docs/pdf13/K131712.pdf
K131870,2013-08-14,OHT,"Home Skinovations , Ltd.",GLIDE DEVICE,ok,(none detected),unknown,,,,,,,,https://www.accessdata.fda.gov/cdrh_docs/pdf13/K131870.pdf
K130315,2013-07-12,OHT,Cyden Limited,IPULSE HAIR REMOVAL SYSTEM,ok,(none detected),unknown,,,,,,,,https://www.accessdata.fda.gov/cdrh_docs/pdf13/K130315.pdf
K123860,2013-04-02,ONF,"Inmode MD , Ltd.",INMODE SR IPL DEVICE,ok,single+multi,YES,"velength energy density pulse duration pulse repetition rate pulse sequence delay between subpulses spot size 10-30 i/cm2 5-3oms 1pp s single pulse n/a lox3omm loxsomm maximal, 7mm round",30.0,30.0,"3.27, 30.0",30.0,515-1200,27.0-27.0,https://www.accessdata.fda.gov/cdrh_docs/pdf12/K123860.pdf
K123435,2013-02-11,ONF,"Beijing Sincoheren S&T Development Co, Ltd.",IPL THERAPY SYSTEM,ok,(none detected),unknown,,30.0,30.0,30.0,30.0,690-1200,,https://www.accessdata.fda.gov/cdrh_docs/pdf12/K123435.pdf
K122995,2013-01-22,ONF,"Beijing Kes Biology Technology Co., Ltd.",INTENSE PULSED LIGHT (IPL) SYSTEMS,ok,(none detected),unknown,,,,60.0,60.0,430-1200; 560-1200; 585-1200; 750-1200; 755-1200,,https://www.accessdata.fda.gov/cdrh_docs/pdf12/K122995.pdf
K123168,2012-12-20,GEX,Quanta System Spa,Q-PLUS T+ IPL LASER SYSTEM,ok,(none detected),unknown,,,,,,,,https://www.accessdata.fda.gov/cdrh_docs/pdf12/K123168.pdf
K122280,2012-10-23,OHT,Cyden Limited,IPULSE SMOOTHSKIN HAIR REMOVAL SYSTEM,ok,double+single,YES,"ited xenon arc flashlamp 530 - llo0nm setting 1: single pulse 25milliseconds. setting ii: double pulse isms on, 10 ms off. setting iii: double pulse 10 ms on, 40 ms off. 7-10j/cm' 3cm' (1.3cm",10.0,10.0,10.0,10.0,,10.0-40.0,https://www.accessdata.fda.gov/cdrh_docs/pdf12/K122280.pdf
K121515,2012-06-05,ONF,"Solta Medical, Inc.",ISOLAZ 2 INTENSE PULSED LIGHT SYSTEM,ok,(none detected),unknown,,,,,,,,https://www.accessdata.fda.gov/cdrh_docs/pdf12/K121515.pdf
K111350,2011-09-29,ONF,"Medicam, Inc.","MEDICAM EVOLUX, EVOSTAR, EVOLIGHT AND EVOLASE PULSED LIGHT SYSTEM",ok,(none detected),unknown,,,,,,420-1200,,https://www.accessdata.fda.gov/cdrh_docs/pdf11/K111350.pdf
K103560,2011-05-18,ONF,"Shaser, Inc.",SHASER IPL HAIR REMOVAL SYSTEM,ok,(none detected),unknown,,,,,,,,https://www.accessdata.fda.gov/cdrh_docs/pdf10/K103560.pdf
K110304,2011-04-08,GEX,"Sandstone Medical Technologies, LLC",APEX ER. YAG / IPL SYSTEM,ok,(none detected),unknown,,"5.0, 35.0",35.0,"5.0, 35.0",35.0,450-1200,,https://www.accessdata.fda.gov/cdrh_docs/pdf11/K110304.pdf
K101901,2011-03-08,ONF,Beijing Starlight Science & Technology Development,IPL THERAPY SYSTEM,ok,(none detected),unknown,,,,,,,,https://www.accessdata.fda.gov/cdrh_docs/pdf10/K101901.pdf
K093627,2011-01-18,ONF,"Shanghai Apolo Medical Technologies Co., Ltd.","IPULSELIGHT IPL SYSTEM, MODELS HS 300C AND HS 650",ok,(none detected),unknown,,,,,,420-1200,5.0-5.0,https://www.accessdata.fda.gov/cdrh_docs/pdf9/K093627.pdf
K102857,2011-01-14,ONF,"Ahwon Medi Instrument Co., Ltd.",AHWON'S IPL SYSTEM,ok,(none detected),unknown,,,,2.0,2.0,560-950; 590-950,,https://www.accessdata.fda.gov/cdrh_docs/pdf10/K102857.pdf
K103184,2010-11-10,OHT,"Home Skinovations , Ltd.",SILK'N FLASH N GO,ok,(none detected),unknown,,,,,,,,https://www.accessdata.fda.gov/cdrh_docs/pdf10/K103184.pdf
K091664,2009-11-16,ONF,"Shenzhen Gsd Tech Co., Ltd.","GSD INTENSE PULSED LIGHT SYSTEM, MODELS: GP666C4, GP666C",ok,(none detected),unknown,,,,,,500-1200,,https://www.accessdata.fda.gov/cdrh_docs/pdf9/K091664.pdf
K082825,2009-02-06,GEX,"Energist, Ltd.",ENERGIST ULTRAPLUS VARIABLE PULSED LIGHT (VPL) SYSTEM,ok,(none detected),unknown,,,,,,530-950; 610-950; 630-950,,https://www.accessdata.fda.gov/cdrh_docs/pdf8/K082825.pdf
K083915,2009-01-29,GEX,"Advanced Technology Laser Co., Ltd.","ANGELITE FAMILY OF INTENSE PULSED LIGHT SYSTEMS, MODELS ANGELITE-DDC AND ANGELITE-SDC",ok,(none detected),unknown,,,,,,400-950; 560-1200; 700-1200,,https://www.accessdata.fda.gov/cdrh_docs/pdf8/K083915.pdf
K082876,2008-11-10,GEX,"Sharplight Technologies, Ltd.",BEAMAX/ FORMAX PULSED LIGHT DEVICE FAMILY,ok,(none detected),unknown,,,,,,415-950; 535-950; 580-950; 635-950,,https://www.accessdata.fda.gov/cdrh_docs/pdf8/K082876.pdf
K082033,2008-07-31,GEX,"Global USA Distribution, LLC",NANNOLIGHT INTENSE PULSED LIGHT SYSTEM,ok,(none detected),unknown,,,,,,530-1400; 560-1400; 585-1400; 640-1400; 690-1400,,https://www.accessdata.fda.gov/cdrh_docs/pdf8/K082033.pdf
K081219,2008-06-30,GEX,"Sandstone Medical Technologies, LLC",APOLLO MINI IPL SYSTEM,ok,(none detected),unknown,,,,,,450-1200,,https://www.accessdata.fda.gov/cdrh_docs/pdf8/K081219.pdf
K073477,2008-05-09,GEX,Photonova Ofsweden AB,PHOTONOVA FAMILY OF PULSED LIGHT SYSTEMS,ok,(none detected),unknown,,,,,,,,https://www.accessdata.fda.gov/cdrh_docs/pdf7/K073477.pdf
K063427,2007-07-25,GEX,Lynton Lasers Limited,LUMINA INTENSE PULSED LIGHT (& LASER) SYSTEM,ok,(none detected),unknown,,,,,,,,https://www.accessdata.fda.gov/cdrh_docs/pdf6/K063427.pdf
K063800,2007-02-05,GEX,Candela Corp.,CANDELA FLUORESCENT PULSED LIGHT SYSTEM,ok,(none detected),unknown,,,,,,417-1200,,https://www.accessdata.fda.gov/cdrh_docs/pdf6/K063800.pdf
K060839,2006-12-07,OHT,"Palomar Medical Technologies, Inc.",ABC HAIR REMOVAL SYSTEM,ok,(none detected),unknown,,,,,,,,https://www.accessdata.fda.gov/cdrh_docs/pdf6/K060839.pdf
K062721,2006-11-21,GEX,"Greenton (London) , Ltd.",GREENTON ECOLITE IPL SYSTEM,ok,(none detected),unknown,,,,,,,,https://www.accessdata.fda.gov/cdrh_docs/pdf6/K062721.pdf
K062312,2006-10-16,GEX,General Project S.R.L.,AXIOM PULSED LIGHT SYSTEM,ok,(none detected),unknown,,,,,,,,https://www.accessdata.fda.gov/cdrh_docs/pdf6/K062312.pdf
K051442,2006-05-24,GEX,"Cynosure, Inc.",PHOTOSILK PLUS PULSED LIGHT SYSTEM AND LASER ATTACHMENT,ok,(none detected),unknown,,,,,,,,https://www.accessdata.fda.gov/cdrh_docs/pdf5/K051442.pdf
K052336,2005-10-11,GEX,"Amjet Distribution, LLC",SPECTRAQUATTRO PULSED LIGHT SYSTEM,ok,(none detected),unknown,,,,1.0,1.0,,,https://www.accessdata.fda.gov/cdrh_docs/pdf5/K052336.pdf
K051508,2005-10-05,GEX,General Project S.R.L.,MED FLASH II INTENSE PULSED LIGHT SYSTEM.,ok,(none detected),unknown,,,,,,,,https://www.accessdata.fda.gov/cdrh_docs/pdf5/K051508.pdf
K043032,2005-07-19,GEX,"Europro, Inc.",DEALIGHT IPL,ok,(none detected),unknown,,,,,,590-1200,,https://www.accessdata.fda.gov/cdrh_docs/pdf4/K043032.pdf
K041554,2005-04-27,GEX,Aesthera Corporation,AIP INTENSE PULSED LIGHT SYSTEM,ok,(none detected),unknown,,,,,,400-1200,,https://www.accessdata.fda.gov/cdrh_docs/pdf4/K041554.pdf
K050047,2005-03-31,GEX,"Cutera, Inc.",CUTERA OPTIONAL PULSED LIGHT HAND PIECE FAMILY,ok,(none detected),unknown,,,,,,,,https://www.accessdata.fda.gov/cdrh_docs/pdf5/K050047.pdf
K041086,2005-01-13,GEX,"Palomar Medical Products, Inc.",PALOMAR STARLUX PULSED LIGHT SYSTEM,ok,(none detected),unknown,,,,,,,,https://www.accessdata.fda.gov/cdrh_docs/pdf4/K041086.pdf
K043319,2004-12-17,GEX,"Novalis Medical, LLC",CLAREON AND SOLARUS PULSED LIGHT DEVICES AND ACCESSORIES,ok,(none detected),unknown,,,,,,,,https://www.accessdata.fda.gov/cdrh_docs/pdf4/K043319.pdf
K041323,2004-11-17,GEX,"New Star Lasers, Inc.","PULSED LIGHT THERAPY SYSTEM, MODEL PRIMA",ok,(none detected),unknown,,,,,,,,https://www.accessdata.fda.gov/cdrh_docs/pdf4/K041323.pdf
K040659,2004-06-01,GEX,Mccue Plc,MCCUE PLC ENERGIST ULTRA VARIABLE PULSED LIGHT SYSTEM,ok,(none detected),unknown,,,,,,530-950; 610-950,,https://www.accessdata.fda.gov/cdrh_docs/pdf4/K040659.pdf
K041095,2004-05-26,GEX,"Cynosure, Inc.",PHOTOSILK PULSED LIGHT SYSTEM,ok,(none detected),unknown,,,,,,400-1200,,https://www.accessdata.fda.gov/cdrh_docs/pdf4/K041095.pdf
K033549,2004-03-10,GEX,"Palomar Medical Products, Inc.",STARLUX PULSED LIGHT SYSTEM,ok,(none detected),unknown,,,,,,,,https://www.accessdata.fda.gov/cdrh_docs/pdf3/K033549.pdf
K032191,2003-08-20,GEX,Luxsano AB,OMNILIGHT FLUORESCENT PULSED LIGHT SYSTEM,ok,(none detected),unknown,,,,,,,,https://www.accessdata.fda.gov/cdrh_docs/pdf3/K032191.pdf
K030342,2003-07-17,GEX,"Lumenis, Ltd.",LUMENIS FAMILY OF IPL SYSTEMS AND COMBINATION IPL/ND:YAG SYSTEMS,ok,(none detected),unknown,,,,,,515-1200,,https://www.accessdata.fda.gov/cdrh_docs/pdf3/K030342.pdf
K024259,2003-06-20,GEX,"New Star Lasers, Inc.","PULSED LIGHT THERAPY SYSTEM, MODEL# UV-300",ok,(none detected),unknown,,,,,,,,https://www.accessdata.fda.gov/cdrh_docs/pdf2/K024259.pdf
K024093,2003-06-19,GEX,"Lumenis, Ltd.",MODIFIED LUMENIS FAMILY OF INTENSE PULSED-LIGHT (IPL) AND COMBINATION IPL SYSTEMS AND ND:YAG LASER SYSTEMS,ok,triple,YES,coherent and noncoherent light 515 - 1200 nm 1064nm up to 150 j/crn2 2 to 16 ms (to 48 ms triple pulsed) 0.33 hz spot size 6mm intended use device description output energy used energy conf,,,"70.0, 150.0",150.0,515-1200,3.0-48.0,https://www.accessdata.fda.gov/cdrh_docs/pdf2/K024093.pdf
K030527,2003-05-20,GEX,Lumenis,LUMENIS FAMILY OF IPL AND COMBINATION IPL/ND:YAG SYSTEMS,ok,(none detected),unknown,,,,,,,,https://www.accessdata.fda.gov/cdrh_docs/pdf3/K030527.pdf
K023081,2002-12-16,GEX,Medical Bio Care Sweden AB,PROLITE / PLASMALITE MPX PULSED LIGHT SYSTEM (PERMANENT HAIR REDUCTION),ok,(none detected),unknown,,,,,,,,https://www.accessdata.fda.gov/cdrh_docs/pdf2/K023081.pdf
K022378,2002-10-18,GEX,Medical Bio Care Sweden AB,PLASMALITE PULSED LIGHT SYSTEM,ok,(none detected),unknown,,,,,,,,https://www.accessdata.fda.gov/cdrh_docs/pdf2/K022378.pdf
K022569,2002-08-29,GEX,Medical Bio Care Sweden AB,PROLITE/PLASMALITE MPX PULSED LIGHT SYSTEM FOR TREATMENT OF VASCULAR LESIONS,ok,(none detected),unknown,,,,,,,,https://www.accessdata.fda.gov/cdrh_docs/pdf2/K022569.pdf
K022568,2002-08-29,GEX,Medical Bio Care Sweden AB,PROLITE/PLASMALITE MPX PULSED LIGHT SYSTEM FOR TREATMENT OF UNWANTED HAIR,ok,(none detected),unknown,,,,,,,,https://www.accessdata.fda.gov/cdrh_docs/pdf2/K022568.pdf
K021304,2002-07-23,GEX,"Big Sky Laser Technologies, Inc.",PROLITE PULSED LIGHT SYSTEM,ok,(none detected),unknown,,,,,,,,https://www.accessdata.fda.gov/cdrh_docs/pdf2/K021304.pdf
K020453,2002-05-10,GEX,"Palomar Medical Technologies, Inc.",PALOMAR ESTELUX PULSED LIGHT SYSTEM AND PALOMAR COOLROLLER,ok_ocr,(none detected),unknown,,,,,,,,https://www.accessdata.fda.gov/cdrh_docs/pdf2/K020453.pdf
K013366,2002-01-08,GEX,Medical Bio Care Sweden AB,PROLITE PULSED LIGHT SYSTEM FOR THE REMOVAL OF UNWANTED HAIR,ok_ocr,(none detected),unknown,,,,,,,,https://www.accessdata.fda.gov/cdrh_docs/pdf01/K013366.pdf
K013365,2002-01-08,GEX,Medical Bio Care Sweden AB,PROLITE PULSED LIGHT SYSTEM FOR THE TREATMENT OF PIGMENTED LESIONS AND THE REMOVAL OF TATTOOS,ok_ocr,(none detected),unknown,,,,,,,,https://www.accessdata.fda.gov/cdrh_docs/pdf01/K013365.pdf
K010618,2001-09-10,GEX,Palomar,PALOMAR DERMALUX PULSED LIGHT SYSTEM,not_found,,unknown,,,,,,,,https://www.accessdata.fda.gov/cdrh_docs/pdf01/K010618.pdf
K010928,2001-06-19,GEX,Medical Bio Care Sweden AB,PROLITE VL PULSED LIGHT SYSTEM,not_found,,unknown,,,,,,,,https://www.accessdata.fda.gov/cdrh_docs/pdf01/K010928.pdf
K010927,2001-06-19,GEX,Medical Bio Care Sweden AB,MODIFICATION TO PROLITE PULSED LIGHT SYSTEM,not_found,,unknown,,,,,,,,https://www.accessdata.fda.gov/cdrh_docs/pdf01/K010927.pdf
K003886,2001-03-01,GEX,"Palomar Medical Technologies, Inc.",PALOMAR SPALIGHT PULSED LIGHT SYSTEM,not_found,,unknown,,,,,,,,https://www.accessdata.fda.gov/cdrh_docs/pdf00/K003886.pdf
K000929,2000-10-17,GEX,Medical Bio Care Sweden AB,PROLITE PULSED LIGHT SYSTEM,not_found,,unknown,,,,,,,,https://www.accessdata.fda.gov/cdrh_docs/pdf00/K000929.pdf
K002072,2000-09-11,GEX,Medical Bio Care Sweden AB,PROLITE VL PULSED LIGHT SYSTEM,not_found,,unknown,,,,,,,,https://www.accessdata.fda.gov/cdrh_docs/pdf00/K002072.pdf
K994014,2000-02-24,GEX,"Esc Medical Systems , Ltd.",ESC INTENSE PULSED LIGHT SYSTEMS: EPILIGHT AND MULTILIGHT,ok_ocr,(none detected),unknown,,,,,,,,https://www.accessdata.fda.gov/cdrh_docs/pdf99/K994014.pdf
